"LOCATION","INDICATOR","SUBJECT","MEASURE","FREQUENCY","TIME","Value","Flag Codes"
"AUS","EDUPUBEXP","TRY","PC_GDP","A","2000",0.7460824,
"AUS","EDUPUBEXP","TRY","PC_GDP","A","2005",0.6911921,
"AUS","EDUPUBEXP","TRY","PC_GDP","A","2008",0.6902357,
"AUS","EDUPUBEXP","TRY","PC_GDP","A","2009",0.7358844,
"AUS","EDUPUBEXP","TRY","PC_GDP","A","2010",0.7797844,
"AUS","EDUPUBEXP","TRY","PC_GDP","A","2011",0.7440488,
"AUS","EDUPUBEXP","TRY","PC_GDP","A","2012",0.7194145,
"AUS","EDUPUBEXP","TRY","PC_GDP","A","2013",0.7188712,
"AUS","EDUPUBEXP","TRY","PC_GDP","A","2014",0.7170264,
"AUS","EDUPUBEXP","TRY","PC_GDP","A","2015",0.7682429,
"AUS","EDUPUBEXP","TRY","PC_GDP","A","2016",0.755106,
"AUS","EDUPUBEXP","TRY","PC_GDP","A","2017",0.7273703,
"AUS","EDUPUBEXP","TRY","PC_GDP","A","2018",0.6545624,
"AUT","EDUPUBEXP","TRY","PC_GDP","A","2012",1.661568,
"AUT","EDUPUBEXP","TRY","PC_GDP","A","2013",1.644516,
"AUT","EDUPUBEXP","TRY","PC_GDP","A","2014",1.614541,
"AUT","EDUPUBEXP","TRY","PC_GDP","A","2015",1.634081,
"AUT","EDUPUBEXP","TRY","PC_GDP","A","2016",1.631474,
"AUT","EDUPUBEXP","TRY","PC_GDP","A","2017",1.560812,
"AUT","EDUPUBEXP","TRY","PC_GDP","A","2018",1.551971,
"BEL","EDUPUBEXP","TRY","PC_GDP","A","2005",1.0897,
"BEL","EDUPUBEXP","TRY","PC_GDP","A","2008",1.128475,
"BEL","EDUPUBEXP","TRY","PC_GDP","A","2009",1.226435,
"BEL","EDUPUBEXP","TRY","PC_GDP","A","2010",1.208465,
"BEL","EDUPUBEXP","TRY","PC_GDP","A","2011",1.214926,
"BEL","EDUPUBEXP","TRY","PC_GDP","A","2012",1.23873,
"BEL","EDUPUBEXP","TRY","PC_GDP","A","2013",1.276725,
"BEL","EDUPUBEXP","TRY","PC_GDP","A","2014",1.267146,
"BEL","EDUPUBEXP","TRY","PC_GDP","A","2015",1.221587,
"BEL","EDUPUBEXP","TRY","PC_GDP","A","2016",1.231372,
"BEL","EDUPUBEXP","TRY","PC_GDP","A","2017",1.253102,
"BEL","EDUPUBEXP","TRY","PC_GDP","A","2018",1.268133,
"CAN","EDUPUBEXP","TRY","PC_GDP","A","2000",1.485331,
"CAN","EDUPUBEXP","TRY","PC_GDP","A","2005",1.338613,
"CAN","EDUPUBEXP","TRY","PC_GDP","A","2008",1.524971,
"CAN","EDUPUBEXP","TRY","PC_GDP","A","2009",1.480583,
"CAN","EDUPUBEXP","TRY","PC_GDP","A","2010",1.578337,
"CAN","EDUPUBEXP","TRY","PC_GDP","A","2011",1.426457,
"CAN","EDUPUBEXP","TRY","PC_GDP","A","2012",1.326726,
"CAN","EDUPUBEXP","TRY","PC_GDP","A","2013",1.281192,
"CAN","EDUPUBEXP","TRY","PC_GDP","A","2014",1.238263,
"CAN","EDUPUBEXP","TRY","PC_GDP","A","2015",1.19926,
"CAN","EDUPUBEXP","TRY","PC_GDP","A","2016",1.249911,
"CAN","EDUPUBEXP","TRY","PC_GDP","A","2017",1.248397,
"CAN","EDUPUBEXP","TRY","PC_GDP","A","2018",1.217783,
"CZE","EDUPUBEXP","TRY","PC_GDP","A","1995",0.5865229,
"CZE","EDUPUBEXP","TRY","PC_GDP","A","2000",0.6315706,
"CZE","EDUPUBEXP","TRY","PC_GDP","A","2005",0.7647003,
"CZE","EDUPUBEXP","TRY","PC_GDP","A","2008",0.8404694,
"CZE","EDUPUBEXP","TRY","PC_GDP","A","2009",0.9356198,
"CZE","EDUPUBEXP","TRY","PC_GDP","A","2010",0.8853807,
"CZE","EDUPUBEXP","TRY","PC_GDP","A","2011",1.077835,
"CZE","EDUPUBEXP","TRY","PC_GDP","A","2012",0.9713772,
"CZE","EDUPUBEXP","TRY","PC_GDP","A","2013",0.8519494,
"CZE","EDUPUBEXP","TRY","PC_GDP","A","2014",0.7778439,
"CZE","EDUPUBEXP","TRY","PC_GDP","A","2015",0.7511527,
"CZE","EDUPUBEXP","TRY","PC_GDP","A","2016",0.6845585,
"CZE","EDUPUBEXP","TRY","PC_GDP","A","2017",0.681298,
"CZE","EDUPUBEXP","TRY","PC_GDP","A","2018",0.9095964,
"DNK","EDUPUBEXP","TRY","PC_GDP","A","1995",1.593177,
"DNK","EDUPUBEXP","TRY","PC_GDP","A","2000",1.482842,
"DNK","EDUPUBEXP","TRY","PC_GDP","A","2005",1.603695,
"DNK","EDUPUBEXP","TRY","PC_GDP","A","2008",1.515695,
"DNK","EDUPUBEXP","TRY","PC_GDP","A","2009",1.701416,
"DNK","EDUPUBEXP","TRY","PC_GDP","A","2010",1.68758,
"DNK","EDUPUBEXP","TRY","PC_GDP","A","2011",1.695767,
"DNK","EDUPUBEXP","TRY","PC_GDP","A","2012",1.468818,
"DNK","EDUPUBEXP","TRY","PC_GDP","A","2013",1.540204,
"DNK","EDUPUBEXP","TRY","PC_GDP","A","2014",1.56226,
"DNK","EDUPUBEXP","TRY","PC_GDP","A","2016",1.622559,
"DNK","EDUPUBEXP","TRY","PC_GDP","A","2017",1.404021,
"DNK","EDUPUBEXP","TRY","PC_GDP","A","2018",1.407623,
"FIN","EDUPUBEXP","TRY","PC_GDP","A","1995",1.836061,
"FIN","EDUPUBEXP","TRY","PC_GDP","A","2000",1.600166,
"FIN","EDUPUBEXP","TRY","PC_GDP","A","2005",1.588786,
"FIN","EDUPUBEXP","TRY","PC_GDP","A","2008",1.537551,
"FIN","EDUPUBEXP","TRY","PC_GDP","A","2009",1.727368,
"FIN","EDUPUBEXP","TRY","PC_GDP","A","2010",1.757051,
"FIN","EDUPUBEXP","TRY","PC_GDP","A","2011",1.775771,
"FIN","EDUPUBEXP","TRY","PC_GDP","A","2012",1.695554,
"FIN","EDUPUBEXP","TRY","PC_GDP","A","2013",1.659276,
"FIN","EDUPUBEXP","TRY","PC_GDP","A","2014",1.629648,
"FIN","EDUPUBEXP","TRY","PC_GDP","A","2015",1.592316,
"FIN","EDUPUBEXP","TRY","PC_GDP","A","2016",1.537382,
"FIN","EDUPUBEXP","TRY","PC_GDP","A","2017",1.435572,
"FIN","EDUPUBEXP","TRY","PC_GDP","A","2018",1.396231,
"FRA","EDUPUBEXP","TRY","PC_GDP","A","2005",1.072538,
"FRA","EDUPUBEXP","TRY","PC_GDP","A","2008",1.121222,
"FRA","EDUPUBEXP","TRY","PC_GDP","A","2009",1.210475,
"FRA","EDUPUBEXP","TRY","PC_GDP","A","2010",1.188449,
"FRA","EDUPUBEXP","TRY","PC_GDP","A","2011",1.156935,
"FRA","EDUPUBEXP","TRY","PC_GDP","A","2012",1.131791,
"FRA","EDUPUBEXP","TRY","PC_GDP","A","2013",1.138958,
"FRA","EDUPUBEXP","TRY","PC_GDP","A","2014",1.140018,
"FRA","EDUPUBEXP","TRY","PC_GDP","A","2015",1.137493,
"FRA","EDUPUBEXP","TRY","PC_GDP","A","2016",1.114654,
"FRA","EDUPUBEXP","TRY","PC_GDP","A","2017",1.119547,
"FRA","EDUPUBEXP","TRY","PC_GDP","A","2018",1.124924,
"DEU","EDUPUBEXP","TRY","PC_GDP","A","2005",0.8814559,
"DEU","EDUPUBEXP","TRY","PC_GDP","A","2008",0.9259072,
"DEU","EDUPUBEXP","TRY","PC_GDP","A","2010",1.021222,
"DEU","EDUPUBEXP","TRY","PC_GDP","A","2011",1.031522,
"DEU","EDUPUBEXP","TRY","PC_GDP","A","2012",1.030683,
"DEU","EDUPUBEXP","TRY","PC_GDP","A","2013",1.025923,
"DEU","EDUPUBEXP","TRY","PC_GDP","A","2014",1.033898,
"DEU","EDUPUBEXP","TRY","PC_GDP","A","2015",1.018219,
"DEU","EDUPUBEXP","TRY","PC_GDP","A","2016",1.014411,
"DEU","EDUPUBEXP","TRY","PC_GDP","A","2017",1.010298,
"DEU","EDUPUBEXP","TRY","PC_GDP","A","2018",1.035235,
"HUN","EDUPUBEXP","TRY","PC_GDP","A","1995",0.7780028,
"HUN","EDUPUBEXP","TRY","PC_GDP","A","2000",0.8466644,
"HUN","EDUPUBEXP","TRY","PC_GDP","A","2005",0.8491332,
"HUN","EDUPUBEXP","TRY","PC_GDP","A","2008",0.8524974,
"HUN","EDUPUBEXP","TRY","PC_GDP","A","2009",0.9360797,
"HUN","EDUPUBEXP","TRY","PC_GDP","A","2010",0.8154577,
"HUN","EDUPUBEXP","TRY","PC_GDP","A","2011",0.9366404,
"HUN","EDUPUBEXP","TRY","PC_GDP","A","2012",0.67158,
"HUN","EDUPUBEXP","TRY","PC_GDP","A","2013",0.7795866,
"HUN","EDUPUBEXP","TRY","PC_GDP","A","2014",0.6520242,
"HUN","EDUPUBEXP","TRY","PC_GDP","A","2015",0.5460985,
"HUN","EDUPUBEXP","TRY","PC_GDP","A","2016",0.6611874,
"HUN","EDUPUBEXP","TRY","PC_GDP","A","2017",0.7043029,
"HUN","EDUPUBEXP","TRY","PC_GDP","A","2018",0.7234649,
"ISL","EDUPUBEXP","TRY","PC_GDP","A","2000",0.9345645,
"ISL","EDUPUBEXP","TRY","PC_GDP","A","2005",1.07951,
"ISL","EDUPUBEXP","TRY","PC_GDP","A","2008",1.074905,
"ISL","EDUPUBEXP","TRY","PC_GDP","A","2009",1.100927,
"ISL","EDUPUBEXP","TRY","PC_GDP","A","2010",1.028285,
"ISL","EDUPUBEXP","TRY","PC_GDP","A","2011",0.973387,
"ISL","EDUPUBEXP","TRY","PC_GDP","A","2012",1.106254,
"ISL","EDUPUBEXP","TRY","PC_GDP","A","2013",1.080411,
"ISL","EDUPUBEXP","TRY","PC_GDP","A","2014",1.101267,
"ISL","EDUPUBEXP","TRY","PC_GDP","A","2015",1.1058,
"ISL","EDUPUBEXP","TRY","PC_GDP","A","2016",1.110522,
"ISL","EDUPUBEXP","TRY","PC_GDP","A","2017",1.138657,
"ISL","EDUPUBEXP","TRY","PC_GDP","A","2018",1.043109,
"IRL","EDUPUBEXP","TRY","PC_GDP","A","1995",0.859571,
"IRL","EDUPUBEXP","TRY","PC_GDP","A","2000",1.096933,
"IRL","EDUPUBEXP","TRY","PC_GDP","A","2005",0.897046,
"IRL","EDUPUBEXP","TRY","PC_GDP","A","2008",1.105962,
"IRL","EDUPUBEXP","TRY","PC_GDP","A","2009",1.266234,
"IRL","EDUPUBEXP","TRY","PC_GDP","A","2010",1.166036,
"IRL","EDUPUBEXP","TRY","PC_GDP","A","2011",1.103075,
"IRL","EDUPUBEXP","TRY","PC_GDP","A","2012",1.148231,
"IRL","EDUPUBEXP","TRY","PC_GDP","A","2013",0.9301711,
"IRL","EDUPUBEXP","TRY","PC_GDP","A","2014",0.8198135,
"IRL","EDUPUBEXP","TRY","PC_GDP","A","2015",0.6781964,
"IRL","EDUPUBEXP","TRY","PC_GDP","A","2016",0.6650653,
"IRL","EDUPUBEXP","TRY","PC_GDP","A","2017",0.6086942,
"IRL","EDUPUBEXP","TRY","PC_GDP","A","2018",0.5951987,
"ITA","EDUPUBEXP","TRY","PC_GDP","A","1995",0.5913727,
"ITA","EDUPUBEXP","TRY","PC_GDP","A","2000",0.6335859,
"ITA","EDUPUBEXP","TRY","PC_GDP","A","2005",0.6075383,
"ITA","EDUPUBEXP","TRY","PC_GDP","A","2008",0.641295,
"ITA","EDUPUBEXP","TRY","PC_GDP","A","2009",0.6445709,
"ITA","EDUPUBEXP","TRY","PC_GDP","A","2010",0.6306764,
"ITA","EDUPUBEXP","TRY","PC_GDP","A","2011",0.6193513,
"ITA","EDUPUBEXP","TRY","PC_GDP","A","2012",0.6018897,
"ITA","EDUPUBEXP","TRY","PC_GDP","A","2013",0.6276676,
"ITA","EDUPUBEXP","TRY","PC_GDP","A","2014",0.6072653,
"ITA","EDUPUBEXP","TRY","PC_GDP","A","2015",0.5687661,
"ITA","EDUPUBEXP","TRY","PC_GDP","A","2016",0.5426367,
"ITA","EDUPUBEXP","TRY","PC_GDP","A","2017",0.5551374,
"ITA","EDUPUBEXP","TRY","PC_GDP","A","2018",0.5585754,
"JPN","EDUPUBEXP","TRY","PC_GDP","A","2005",0.4611351,
"JPN","EDUPUBEXP","TRY","PC_GDP","A","2010",0.5104886,
"JPN","EDUPUBEXP","TRY","PC_GDP","A","2011",0.4617247,
"JPN","EDUPUBEXP","TRY","PC_GDP","A","2012",0.4830983,
"JPN","EDUPUBEXP","TRY","PC_GDP","A","2013",0.5247339,
"JPN","EDUPUBEXP","TRY","PC_GDP","A","2014",0.501087,
"JPN","EDUPUBEXP","TRY","PC_GDP","A","2015",0.4586804,
"JPN","EDUPUBEXP","TRY","PC_GDP","A","2016",0.4232487,
"JPN","EDUPUBEXP","TRY","PC_GDP","A","2017",0.4324654,
"JPN","EDUPUBEXP","TRY","PC_GDP","A","2018",0.443848,
"KOR","EDUPUBEXP","TRY","PC_GDP","A","2015",0.6187198,
"KOR","EDUPUBEXP","TRY","PC_GDP","A","2016",0.6165026,
"KOR","EDUPUBEXP","TRY","PC_GDP","A","2017",0.5939833,
"KOR","EDUPUBEXP","TRY","PC_GDP","A","2018",0.6220147,
"MEX","EDUPUBEXP","TRY","PC_GDP","A","1995",0.6515815,
"MEX","EDUPUBEXP","TRY","PC_GDP","A","2000",0.6835283,
"MEX","EDUPUBEXP","TRY","PC_GDP","A","2005",0.7917242,
"MEX","EDUPUBEXP","TRY","PC_GDP","A","2008",0.8434396,
"MEX","EDUPUBEXP","TRY","PC_GDP","A","2009",0.9574725,
"MEX","EDUPUBEXP","TRY","PC_GDP","A","2010",0.9435381,
"MEX","EDUPUBEXP","TRY","PC_GDP","A","2011",0.8418399,
"MEX","EDUPUBEXP","TRY","PC_GDP","A","2012",0.909349,
"MEX","EDUPUBEXP","TRY","PC_GDP","A","2013",0.9502726,
"MEX","EDUPUBEXP","TRY","PC_GDP","A","2014",1.006192,
"MEX","EDUPUBEXP","TRY","PC_GDP","A","2015",1.000667,
"MEX","EDUPUBEXP","TRY","PC_GDP","A","2016",0.9432187,
"MEX","EDUPUBEXP","TRY","PC_GDP","A","2017",0.8313276,
"MEX","EDUPUBEXP","TRY","PC_GDP","A","2018",0.8207847,
"NLD","EDUPUBEXP","TRY","PC_GDP","A","1995",1.160544,
"NLD","EDUPUBEXP","TRY","PC_GDP","A","2000",0.9689017,
"NLD","EDUPUBEXP","TRY","PC_GDP","A","2005",1.033781,
"NLD","EDUPUBEXP","TRY","PC_GDP","A","2008",0.9983744,
"NLD","EDUPUBEXP","TRY","PC_GDP","A","2009",1.089515,
"NLD","EDUPUBEXP","TRY","PC_GDP","A","2010",1.120781,
"NLD","EDUPUBEXP","TRY","PC_GDP","A","2011",1.125165,
"NLD","EDUPUBEXP","TRY","PC_GDP","A","2012",1.143302,
"NLD","EDUPUBEXP","TRY","PC_GDP","A","2013",1.153453,
"NLD","EDUPUBEXP","TRY","PC_GDP","A","2014",1.15734,
"NLD","EDUPUBEXP","TRY","PC_GDP","A","2015",1.154288,
"NLD","EDUPUBEXP","TRY","PC_GDP","A","2016",1.143769,
"NLD","EDUPUBEXP","TRY","PC_GDP","A","2017",1.128303,
"NLD","EDUPUBEXP","TRY","PC_GDP","A","2018",1.135061,
"NZL","EDUPUBEXP","TRY","PC_GDP","A","2012",0.9774413,
"NZL","EDUPUBEXP","TRY","PC_GDP","A","2013",0.9518765,
"NZL","EDUPUBEXP","TRY","PC_GDP","A","2014",0.9480806,
"NZL","EDUPUBEXP","TRY","PC_GDP","A","2015",0.9428613,
"NZL","EDUPUBEXP","TRY","PC_GDP","A","2016",0.8808058,
"NZL","EDUPUBEXP","TRY","PC_GDP","A","2017",0.8773146,
"NZL","EDUPUBEXP","TRY","PC_GDP","A","2018",0.9115545,
"NOR","EDUPUBEXP","TRY","PC_GDP","A","1995",1.805103,
"NOR","EDUPUBEXP","TRY","PC_GDP","A","2000",1.60605,
"NOR","EDUPUBEXP","TRY","PC_GDP","A","2005",1.675652,
"NOR","EDUPUBEXP","TRY","PC_GDP","A","2008",1.506286,
"NOR","EDUPUBEXP","TRY","PC_GDP","A","2009",1.595239,
"NOR","EDUPUBEXP","TRY","PC_GDP","A","2010",1.560369,
"NOR","EDUPUBEXP","TRY","PC_GDP","A","2011",1.545856,
"NOR","EDUPUBEXP","TRY","PC_GDP","A","2012",1.518847,
"NOR","EDUPUBEXP","TRY","PC_GDP","A","2013",1.542566,
"NOR","EDUPUBEXP","TRY","PC_GDP","A","2014",1.610815,
"NOR","EDUPUBEXP","TRY","PC_GDP","A","2015",1.673187,
"NOR","EDUPUBEXP","TRY","PC_GDP","A","2016",1.791,
"NOR","EDUPUBEXP","TRY","PC_GDP","A","2017",1.789086,
"NOR","EDUPUBEXP","TRY","PC_GDP","A","2018",1.81049,
"POL","EDUPUBEXP","TRY","PC_GDP","A","1995",0.7952014,
"POL","EDUPUBEXP","TRY","PC_GDP","A","2000",0.7002658,
"POL","EDUPUBEXP","TRY","PC_GDP","A","2005",1.162004,
"POL","EDUPUBEXP","TRY","PC_GDP","A","2008",1.019805,
"POL","EDUPUBEXP","TRY","PC_GDP","A","2009",1.034234,
"POL","EDUPUBEXP","TRY","PC_GDP","A","2010",1.0124,
"POL","EDUPUBEXP","TRY","PC_GDP","A","2011",0.9609058,
"POL","EDUPUBEXP","TRY","PC_GDP","A","2012",0.9844868,
"POL","EDUPUBEXP","TRY","PC_GDP","A","2013",1.070534,
"POL","EDUPUBEXP","TRY","PC_GDP","A","2014",1.050432,
"POL","EDUPUBEXP","TRY","PC_GDP","A","2015",1.085285,
"POL","EDUPUBEXP","TRY","PC_GDP","A","2016",0.931963,
"POL","EDUPUBEXP","TRY","PC_GDP","A","2017",0.9533964,
"POL","EDUPUBEXP","TRY","PC_GDP","A","2018",0.9441145,
"PRT","EDUPUBEXP","TRY","PC_GDP","A","1995",0.8199822,
"PRT","EDUPUBEXP","TRY","PC_GDP","A","2000",0.8740613,
"PRT","EDUPUBEXP","TRY","PC_GDP","A","2005",0.8378405,
"PRT","EDUPUBEXP","TRY","PC_GDP","A","2008",0.7728194,
"PRT","EDUPUBEXP","TRY","PC_GDP","A","2009",0.8785128,
"PRT","EDUPUBEXP","TRY","PC_GDP","A","2010",0.9102976,
"PRT","EDUPUBEXP","TRY","PC_GDP","A","2011",0.8535207,
"PRT","EDUPUBEXP","TRY","PC_GDP","A","2012",0.6703711,
"PRT","EDUPUBEXP","TRY","PC_GDP","A","2013",0.7363031,
"PRT","EDUPUBEXP","TRY","PC_GDP","A","2014",0.7698035,
"PRT","EDUPUBEXP","TRY","PC_GDP","A","2015",0.7491929,
"PRT","EDUPUBEXP","TRY","PC_GDP","A","2016",0.7073579,
"PRT","EDUPUBEXP","TRY","PC_GDP","A","2017",0.6994143,
"PRT","EDUPUBEXP","TRY","PC_GDP","A","2018",0.6794092,
"SVK","EDUPUBEXP","TRY","PC_GDP","A","1995",0.6873221,
"SVK","EDUPUBEXP","TRY","PC_GDP","A","2000",0.683295,
"SVK","EDUPUBEXP","TRY","PC_GDP","A","2005",0.6783239,
"SVK","EDUPUBEXP","TRY","PC_GDP","A","2008",0.6088505,
"SVK","EDUPUBEXP","TRY","PC_GDP","A","2009",0.6176396,
"SVK","EDUPUBEXP","TRY","PC_GDP","A","2010",0.6175831,
"SVK","EDUPUBEXP","TRY","PC_GDP","A","2011",0.7282082,
"SVK","EDUPUBEXP","TRY","PC_GDP","A","2012",0.7370668,
"SVK","EDUPUBEXP","TRY","PC_GDP","A","2013",0.7984087,
"SVK","EDUPUBEXP","TRY","PC_GDP","A","2014",0.8090094,
"SVK","EDUPUBEXP","TRY","PC_GDP","A","2015",1.226328,
"SVK","EDUPUBEXP","TRY","PC_GDP","A","2016",0.6964093,
"SVK","EDUPUBEXP","TRY","PC_GDP","A","2017",0.655232,
"SVK","EDUPUBEXP","TRY","PC_GDP","A","2018",0.6321408,
"ESP","EDUPUBEXP","TRY","PC_GDP","A","1995",0.7292805,
"ESP","EDUPUBEXP","TRY","PC_GDP","A","2000",0.8306078,
"ESP","EDUPUBEXP","TRY","PC_GDP","A","2005",0.851014,
"ESP","EDUPUBEXP","TRY","PC_GDP","A","2008",0.9418286,
"ESP","EDUPUBEXP","TRY","PC_GDP","A","2009",1.018049,
"ESP","EDUPUBEXP","TRY","PC_GDP","A","2010",1.03082,
"ESP","EDUPUBEXP","TRY","PC_GDP","A","2011",1.005349,
"ESP","EDUPUBEXP","TRY","PC_GDP","A","2012",0.9129882,
"ESP","EDUPUBEXP","TRY","PC_GDP","A","2013",0.8837213,
"ESP","EDUPUBEXP","TRY","PC_GDP","A","2014",0.8574864,
"ESP","EDUPUBEXP","TRY","PC_GDP","A","2015",0.8518408,
"ESP","EDUPUBEXP","TRY","PC_GDP","A","2016",0.8172237,
"ESP","EDUPUBEXP","TRY","PC_GDP","A","2017",0.8292834,
"ESP","EDUPUBEXP","TRY","PC_GDP","A","2018",0.8178063,
"SWE","EDUPUBEXP","TRY","PC_GDP","A","1995",1.348928,
"SWE","EDUPUBEXP","TRY","PC_GDP","A","2000",1.338537,
"SWE","EDUPUBEXP","TRY","PC_GDP","A","2005",1.304841,
"SWE","EDUPUBEXP","TRY","PC_GDP","A","2008",1.278797,
"SWE","EDUPUBEXP","TRY","PC_GDP","A","2009",1.423215,
"SWE","EDUPUBEXP","TRY","PC_GDP","A","2010",1.428514,
"SWE","EDUPUBEXP","TRY","PC_GDP","A","2011",1.39363,
"SWE","EDUPUBEXP","TRY","PC_GDP","A","2012",1.421708,
"SWE","EDUPUBEXP","TRY","PC_GDP","A","2013",1.435052,
"SWE","EDUPUBEXP","TRY","PC_GDP","A","2014",1.42181,
"SWE","EDUPUBEXP","TRY","PC_GDP","A","2015",1.352481,
"SWE","EDUPUBEXP","TRY","PC_GDP","A","2016",1.347826,
"SWE","EDUPUBEXP","TRY","PC_GDP","A","2017",1.316297,
"SWE","EDUPUBEXP","TRY","PC_GDP","A","2018",1.311506,
"CHE","EDUPUBEXP","TRY","PC_GDP","A","1995",1.016348,
"CHE","EDUPUBEXP","TRY","PC_GDP","A","2000",1.020689,
"CHE","EDUPUBEXP","TRY","PC_GDP","A","2005",1.237354,
"CHE","EDUPUBEXP","TRY","PC_GDP","A","2008",1.019329,
"CHE","EDUPUBEXP","TRY","PC_GDP","A","2009",1.131189,
"CHE","EDUPUBEXP","TRY","PC_GDP","A","2010",1.126291,
"CHE","EDUPUBEXP","TRY","PC_GDP","A","2011",1.163338,
"CHE","EDUPUBEXP","TRY","PC_GDP","A","2012",1.188925,
"CHE","EDUPUBEXP","TRY","PC_GDP","A","2013",1.192015,
"CHE","EDUPUBEXP","TRY","PC_GDP","A","2014",1.239107,
"CHE","EDUPUBEXP","TRY","PC_GDP","A","2015",1.234425,
"CHE","EDUPUBEXP","TRY","PC_GDP","A","2016",1.221542,
"CHE","EDUPUBEXP","TRY","PC_GDP","A","2017",1.244379,
"CHE","EDUPUBEXP","TRY","PC_GDP","A","2018",1.231753,
"GBR","EDUPUBEXP","TRY","PC_GDP","A","2012",0.9694689,
"GBR","EDUPUBEXP","TRY","PC_GDP","A","2013",0.5979457,
"GBR","EDUPUBEXP","TRY","PC_GDP","A","2014",0.4845195,
"GBR","EDUPUBEXP","TRY","PC_GDP","A","2015",0.474295,
"GBR","EDUPUBEXP","TRY","PC_GDP","A","2016",0.5172315,
"GBR","EDUPUBEXP","TRY","PC_GDP","A","2017",0.4954092,
"GBR","EDUPUBEXP","TRY","PC_GDP","A","2018",0.4985198,
"USA","EDUPUBEXP","TRY","PC_GDP","A","2000",0.9406537,
"USA","EDUPUBEXP","TRY","PC_GDP","A","2005",1.021503,
"USA","EDUPUBEXP","TRY","PC_GDP","A","2008",1.05253,
"USA","EDUPUBEXP","TRY","PC_GDP","A","2009",1.083226,
"USA","EDUPUBEXP","TRY","PC_GDP","A","2010",1.07283,
"USA","EDUPUBEXP","TRY","PC_GDP","A","2011",1.069639,
"USA","EDUPUBEXP","TRY","PC_GDP","A","2012",1.042084,
"USA","EDUPUBEXP","TRY","PC_GDP","A","2013",0.9472973,
"USA","EDUPUBEXP","TRY","PC_GDP","A","2014",0.9152557,
"USA","EDUPUBEXP","TRY","PC_GDP","A","2015",0.9014688,
"USA","EDUPUBEXP","TRY","PC_GDP","A","2016",0.8944778,
"USA","EDUPUBEXP","TRY","PC_GDP","A","2017",0.9062651,
"USA","EDUPUBEXP","TRY","PC_GDP","A","2018",0.8992977,
"BRA","EDUPUBEXP","TRY","PC_GDP","A","1995",0.6332349,
"BRA","EDUPUBEXP","TRY","PC_GDP","A","2000",0.6733127,
"BRA","EDUPUBEXP","TRY","PC_GDP","A","2005",0.7480758,
"BRA","EDUPUBEXP","TRY","PC_GDP","A","2008",0.7587526,
"BRA","EDUPUBEXP","TRY","PC_GDP","A","2009",0.7930153,
"BRA","EDUPUBEXP","TRY","PC_GDP","A","2010",0.8562671,
"BRA","EDUPUBEXP","TRY","PC_GDP","A","2011",0.931353,
"BRA","EDUPUBEXP","TRY","PC_GDP","A","2012",0.7985235,
"BRA","EDUPUBEXP","TRY","PC_GDP","A","2013",0.8596947,
"BRA","EDUPUBEXP","TRY","PC_GDP","A","2014",0.8242933,
"BRA","EDUPUBEXP","TRY","PC_GDP","A","2015",0.9596016,
"BRA","EDUPUBEXP","TRY","PC_GDP","A","2016",0.9969644,
"BRA","EDUPUBEXP","TRY","PC_GDP","A","2017",1.13444,
"BRA","EDUPUBEXP","TRY","PC_GDP","A","2018",1.053156,
"CHL","EDUPUBEXP","TRY","PC_GDP","A","1995",0.3651424,
"CHL","EDUPUBEXP","TRY","PC_GDP","A","2000",0.3822827,
"CHL","EDUPUBEXP","TRY","PC_GDP","A","2005",0.2969481,
"CHL","EDUPUBEXP","TRY","PC_GDP","A","2008",0.268862,
"CHL","EDUPUBEXP","TRY","PC_GDP","A","2009",0.2929778,
"CHL","EDUPUBEXP","TRY","PC_GDP","A","2010",0.5343704,
"CHL","EDUPUBEXP","TRY","PC_GDP","A","2011",0.5256434,
"CHL","EDUPUBEXP","TRY","PC_GDP","A","2012",0.5926008,
"CHL","EDUPUBEXP","TRY","PC_GDP","A","2013",0.8204074,
"CHL","EDUPUBEXP","TRY","PC_GDP","A","2014",0.8726857,
"CHL","EDUPUBEXP","TRY","PC_GDP","A","2015",0.7190303,
"CHL","EDUPUBEXP","TRY","PC_GDP","A","2016",0.8407131,
"CHL","EDUPUBEXP","TRY","PC_GDP","A","2017",0.977124,
"CHL","EDUPUBEXP","TRY","PC_GDP","A","2018",0.9831111,
"EST","EDUPUBEXP","TRY","PC_GDP","A","1995",0.9420056,
"EST","EDUPUBEXP","TRY","PC_GDP","A","2000",1.015488,
"EST","EDUPUBEXP","TRY","PC_GDP","A","2005",0.7718019,
"EST","EDUPUBEXP","TRY","PC_GDP","A","2008",0.9238182,
"EST","EDUPUBEXP","TRY","PC_GDP","A","2009",1.172838,
"EST","EDUPUBEXP","TRY","PC_GDP","A","2010",1.033032,
"EST","EDUPUBEXP","TRY","PC_GDP","A","2011",1.130234,
"EST","EDUPUBEXP","TRY","PC_GDP","A","2012",0.9239972,
"EST","EDUPUBEXP","TRY","PC_GDP","A","2013",1.234226,
"EST","EDUPUBEXP","TRY","PC_GDP","A","2014",1.344084,
"EST","EDUPUBEXP","TRY","PC_GDP","A","2015",1.232337,
"EST","EDUPUBEXP","TRY","PC_GDP","A","2016",1.2304,
"EST","EDUPUBEXP","TRY","PC_GDP","A","2017",1.073276,
"EST","EDUPUBEXP","TRY","PC_GDP","A","2018",1.122767,
"IND","EDUPUBEXP","TRY","PC_GDP","A","2000",0.8247082,
"IND","EDUPUBEXP","TRY","PC_GDP","A","2005",0.5538228,
"IND","EDUPUBEXP","TRY","PC_GDP","A","2009",1.045973,
"IND","EDUPUBEXP","TRY","PC_GDP","A","2010",1.024662,
"IND","EDUPUBEXP","TRY","PC_GDP","A","2011",1.146996,
"IND","EDUPUBEXP","TRY","PC_GDP","A","2012",1.092967,
"IND","EDUPUBEXP","TRY","PC_GDP","A","2013",0.9572258,
"IDN","EDUPUBEXP","TRY","PC_GDP","A","2008",0.2765503,
"IDN","EDUPUBEXP","TRY","PC_GDP","A","2009",0.386797,
"IDN","EDUPUBEXP","TRY","PC_GDP","A","2010",0.4399521,
"IDN","EDUPUBEXP","TRY","PC_GDP","A","2012",0.5719596,
"IDN","EDUPUBEXP","TRY","PC_GDP","A","2013",0.534495,
"IDN","EDUPUBEXP","TRY","PC_GDP","A","2014",0.4799689,
"IDN","EDUPUBEXP","TRY","PC_GDP","A","2015",0.5143439,
"ISR","EDUPUBEXP","TRY","PC_GDP","A","1995",1.033482,
"ISR","EDUPUBEXP","TRY","PC_GDP","A","2000",0.9876555,
"ISR","EDUPUBEXP","TRY","PC_GDP","A","2005",0.8411202,
"ISR","EDUPUBEXP","TRY","PC_GDP","A","2008",0.7814751,
"ISR","EDUPUBEXP","TRY","PC_GDP","A","2009",0.8691714,
"ISR","EDUPUBEXP","TRY","PC_GDP","A","2010",0.8366471,
"ISR","EDUPUBEXP","TRY","PC_GDP","A","2011",0.8006921,
"ISR","EDUPUBEXP","TRY","PC_GDP","A","2012",0.8678544,
"ISR","EDUPUBEXP","TRY","PC_GDP","A","2013",0.87118,
"ISR","EDUPUBEXP","TRY","PC_GDP","A","2014",0.8313147,
"ISR","EDUPUBEXP","TRY","PC_GDP","A","2015",0.8524453,
"ISR","EDUPUBEXP","TRY","PC_GDP","A","2016",0.7904103,
"ISR","EDUPUBEXP","TRY","PC_GDP","A","2017",0.8034202,
"ISR","EDUPUBEXP","TRY","PC_GDP","A","2018",0.7522502,
"RUS","EDUPUBEXP","TRY","PC_GDP","A","2008",0.8826576,
"RUS","EDUPUBEXP","TRY","PC_GDP","A","2009",1.090647,
"RUS","EDUPUBEXP","TRY","PC_GDP","A","2010",0.9717912,
"RUS","EDUPUBEXP","TRY","PC_GDP","A","2011",0.8496242,
"RUS","EDUPUBEXP","TRY","PC_GDP","A","2012",0.8023063,
"RUS","EDUPUBEXP","TRY","PC_GDP","A","2013",0.8241238,
"RUS","EDUPUBEXP","TRY","PC_GDP","A","2014",0.8115946,
"RUS","EDUPUBEXP","TRY","PC_GDP","A","2015",0.7349676,
"RUS","EDUPUBEXP","TRY","PC_GDP","A","2016",0.7366712,
"RUS","EDUPUBEXP","TRY","PC_GDP","A","2017",0.5478567,
"RUS","EDUPUBEXP","TRY","PC_GDP","A","2018",0.6522307,
"SVN","EDUPUBEXP","TRY","PC_GDP","A","2005",0.9416743,
"SVN","EDUPUBEXP","TRY","PC_GDP","A","2008",0.9139977,
"SVN","EDUPUBEXP","TRY","PC_GDP","A","2009",1.049926,
"SVN","EDUPUBEXP","TRY","PC_GDP","A","2010",1.021342,
"SVN","EDUPUBEXP","TRY","PC_GDP","A","2011",1.026969,
"SVN","EDUPUBEXP","TRY","PC_GDP","A","2012",1.007185,
"SVN","EDUPUBEXP","TRY","PC_GDP","A","2013",0.9629069,
"SVN","EDUPUBEXP","TRY","PC_GDP","A","2014",0.9118269,
"SVN","EDUPUBEXP","TRY","PC_GDP","A","2015",0.8626547,
"SVN","EDUPUBEXP","TRY","PC_GDP","A","2016",0.8431632,
"SVN","EDUPUBEXP","TRY","PC_GDP","A","2017",0.8536995,
"SVN","EDUPUBEXP","TRY","PC_GDP","A","2018",0.8704461,
"ZAF","EDUPUBEXP","TRY","PC_GDP","A","2005",0.6510557,
"ZAF","EDUPUBEXP","TRY","PC_GDP","A","2008",0.5074386,
"ZAF","EDUPUBEXP","TRY","PC_GDP","A","2009",0.5535988,
"ZAF","EDUPUBEXP","TRY","PC_GDP","A","2010",0.5566643,
"ZAF","EDUPUBEXP","TRY","PC_GDP","A","2011",0.5828435,
"ZAF","EDUPUBEXP","TRY","PC_GDP","A","2012",0.5982125,
"ZAF","EDUPUBEXP","TRY","PC_GDP","A","2013",0.5904778,
"ZAF","EDUPUBEXP","TRY","PC_GDP","A","2014",0.5883498,
"ZAF","EDUPUBEXP","TRY","PC_GDP","A","2015",0.5963206,
"ZAF","EDUPUBEXP","TRY","PC_GDP","A","2017",0.6009259,
"ZAF","EDUPUBEXP","TRY","PC_GDP","A","2018",0.6484875,
"AUS","EDUPUBEXP","PRY_NTRY","PC_GDP","A","2000",3.148902,
"AUS","EDUPUBEXP","PRY_NTRY","PC_GDP","A","2005",3.233967,
"AUS","EDUPUBEXP","PRY_NTRY","PC_GDP","A","2008",3.173168,
"AUS","EDUPUBEXP","PRY_NTRY","PC_GDP","A","2009",3.56379,
"AUS","EDUPUBEXP","PRY_NTRY","PC_GDP","A","2010",3.794945,
"AUS","EDUPUBEXP","PRY_NTRY","PC_GDP","A","2011",3.492733,
"AUS","EDUPUBEXP","PRY_NTRY","PC_GDP","A","2012",3.296525,
"AUS","EDUPUBEXP","PRY_NTRY","PC_GDP","A","2013",3.258211,
"AUS","EDUPUBEXP","PRY_NTRY","PC_GDP","A","2014",3.205706,
"AUS","EDUPUBEXP","PRY_NTRY","PC_GDP","A","2015",3.177648,
"AUS","EDUPUBEXP","PRY_NTRY","PC_GDP","A","2016",3.186894,
"AUS","EDUPUBEXP","PRY_NTRY","PC_GDP","A","2017",3.222907,
"AUS","EDUPUBEXP","PRY_NTRY","PC_GDP","A","2018",3.2969,
"AUT","EDUPUBEXP","PRY_NTRY","PC_GDP","A","2012",2.993731,
"AUT","EDUPUBEXP","PRY_NTRY","PC_GDP","A","2013",3.071253,
"AUT","EDUPUBEXP","PRY_NTRY","PC_GDP","A","2014",2.979963,
"AUT","EDUPUBEXP","PRY_NTRY","PC_GDP","A","2015",2.980174,
"AUT","EDUPUBEXP","PRY_NTRY","PC_GDP","A","2016",2.988191,
"AUT","EDUPUBEXP","PRY_NTRY","PC_GDP","A","2017",2.94125,
"AUT","EDUPUBEXP","PRY_NTRY","PC_GDP","A","2018",2.826723,
"BEL","EDUPUBEXP","PRY_NTRY","PC_GDP","A","2005",3.882769,
"BEL","EDUPUBEXP","PRY_NTRY","PC_GDP","A","2008",4.143593,
"BEL","EDUPUBEXP","PRY_NTRY","PC_GDP","A","2009",4.152045,
"BEL","EDUPUBEXP","PRY_NTRY","PC_GDP","A","2010",4.142179,
"BEL","EDUPUBEXP","PRY_NTRY","PC_GDP","A","2011",4.129149,
"BEL","EDUPUBEXP","PRY_NTRY","PC_GDP","A","2012",4.176546,
"BEL","EDUPUBEXP","PRY_NTRY","PC_GDP","A","2013",4.183889,
"BEL","EDUPUBEXP","PRY_NTRY","PC_GDP","A","2014",4.121513,
"BEL","EDUPUBEXP","PRY_NTRY","PC_GDP","A","2015",4.053206,
"BEL","EDUPUBEXP","PRY_NTRY","PC_GDP","A","2016",4.044523,
"BEL","EDUPUBEXP","PRY_NTRY","PC_GDP","A","2017",4.010981,
"BEL","EDUPUBEXP","PRY_NTRY","PC_GDP","A","2018",3.972353,
"CAN","EDUPUBEXP","PRY_NTRY","PC_GDP","A","2000",3.197672,
"CAN","EDUPUBEXP","PRY_NTRY","PC_GDP","A","2005",3.105963,
"CAN","EDUPUBEXP","PRY_NTRY","PC_GDP","A","2008",3.209979,
"CAN","EDUPUBEXP","PRY_NTRY","PC_GDP","A","2009",3.324768,
"CAN","EDUPUBEXP","PRY_NTRY","PC_GDP","A","2010",3.539711,
"CAN","EDUPUBEXP","PRY_NTRY","PC_GDP","A","2011",3.414058,
"CAN","EDUPUBEXP","PRY_NTRY","PC_GDP","A","2012",3.339135,
"CAN","EDUPUBEXP","PRY_NTRY","PC_GDP","A","2013",3.265116,
"CAN","EDUPUBEXP","PRY_NTRY","PC_GDP","A","2014",3.197652,
"CAN","EDUPUBEXP","PRY_NTRY","PC_GDP","A","2015",3.170711,
"CAN","EDUPUBEXP","PRY_NTRY","PC_GDP","A","2016",3.2598,
"CAN","EDUPUBEXP","PRY_NTRY","PC_GDP","A","2017",3.259545,
"CAN","EDUPUBEXP","PRY_NTRY","PC_GDP","A","2018",3.223512,
"CZE","EDUPUBEXP","PRY_NTRY","PC_GDP","A","1995",2.908916,
"CZE","EDUPUBEXP","PRY_NTRY","PC_GDP","A","2000",2.348881,
"CZE","EDUPUBEXP","PRY_NTRY","PC_GDP","A","2005",2.469716,
"CZE","EDUPUBEXP","PRY_NTRY","PC_GDP","A","2008",2.270408,
"CZE","EDUPUBEXP","PRY_NTRY","PC_GDP","A","2009",2.491078,
"CZE","EDUPUBEXP","PRY_NTRY","PC_GDP","A","2010",2.431169,
"CZE","EDUPUBEXP","PRY_NTRY","PC_GDP","A","2011",2.453234,
"CZE","EDUPUBEXP","PRY_NTRY","PC_GDP","A","2012",2.486302,
"CZE","EDUPUBEXP","PRY_NTRY","PC_GDP","A","2013",2.415625,
"CZE","EDUPUBEXP","PRY_NTRY","PC_GDP","A","2014",2.390923,
"CZE","EDUPUBEXP","PRY_NTRY","PC_GDP","A","2015",2.408261,
"CZE","EDUPUBEXP","PRY_NTRY","PC_GDP","A","2016",2.278536,
"CZE","EDUPUBEXP","PRY_NTRY","PC_GDP","A","2017",2.436761,
"CZE","EDUPUBEXP","PRY_NTRY","PC_GDP","A","2018",2.685061,
"DNK","EDUPUBEXP","PRY_NTRY","PC_GDP","A","1995",3.818974,
"DNK","EDUPUBEXP","PRY_NTRY","PC_GDP","A","2000",3.920985,
"DNK","EDUPUBEXP","PRY_NTRY","PC_GDP","A","2005",4.26534,
"DNK","EDUPUBEXP","PRY_NTRY","PC_GDP","A","2008",4.034499,
"DNK","EDUPUBEXP","PRY_NTRY","PC_GDP","A","2009",4.505544,
"DNK","EDUPUBEXP","PRY_NTRY","PC_GDP","A","2010",4.553352,
"DNK","EDUPUBEXP","PRY_NTRY","PC_GDP","A","2011",4.133907,
"DNK","EDUPUBEXP","PRY_NTRY","PC_GDP","A","2012",4.513423,
"DNK","EDUPUBEXP","PRY_NTRY","PC_GDP","A","2013",4.445554,
"DNK","EDUPUBEXP","PRY_NTRY","PC_GDP","A","2014",4.674356,
"DNK","EDUPUBEXP","PRY_NTRY","PC_GDP","A","2016",3.439779,
"DNK","EDUPUBEXP","PRY_NTRY","PC_GDP","A","2017",3.367598,
"DNK","EDUPUBEXP","PRY_NTRY","PC_GDP","A","2018",3.318589,
"FIN","EDUPUBEXP","PRY_NTRY","PC_GDP","A","1995",3.887082,
"FIN","EDUPUBEXP","PRY_NTRY","PC_GDP","A","2000",3.444729,
"FIN","EDUPUBEXP","PRY_NTRY","PC_GDP","A","2005",3.660962,
"FIN","EDUPUBEXP","PRY_NTRY","PC_GDP","A","2008",3.557376,
"FIN","EDUPUBEXP","PRY_NTRY","PC_GDP","A","2009",3.875,
"FIN","EDUPUBEXP","PRY_NTRY","PC_GDP","A","2010",3.907402,
"FIN","EDUPUBEXP","PRY_NTRY","PC_GDP","A","2011",3.858106,
"FIN","EDUPUBEXP","PRY_NTRY","PC_GDP","A","2012",3.887309,
"FIN","EDUPUBEXP","PRY_NTRY","PC_GDP","A","2013",3.878606,
"FIN","EDUPUBEXP","PRY_NTRY","PC_GDP","A","2014",3.887987,
"FIN","EDUPUBEXP","PRY_NTRY","PC_GDP","A","2015",3.936406,
"FIN","EDUPUBEXP","PRY_NTRY","PC_GDP","A","2016",3.819765,
"FIN","EDUPUBEXP","PRY_NTRY","PC_GDP","A","2017",3.587321,
"FIN","EDUPUBEXP","PRY_NTRY","PC_GDP","A","2018",3.580011,
"FRA","EDUPUBEXP","PRY_NTRY","PC_GDP","A","2005",3.543367,
"FRA","EDUPUBEXP","PRY_NTRY","PC_GDP","A","2008",3.450149,
"FRA","EDUPUBEXP","PRY_NTRY","PC_GDP","A","2009",3.639756,
"FRA","EDUPUBEXP","PRY_NTRY","PC_GDP","A","2010",3.59918,
"FRA","EDUPUBEXP","PRY_NTRY","PC_GDP","A","2011",3.468539,
"FRA","EDUPUBEXP","PRY_NTRY","PC_GDP","A","2012",3.443588,
"FRA","EDUPUBEXP","PRY_NTRY","PC_GDP","A","2013",3.430057,
"FRA","EDUPUBEXP","PRY_NTRY","PC_GDP","A","2014",3.432445,
"FRA","EDUPUBEXP","PRY_NTRY","PC_GDP","A","2015",3.391426,
"FRA","EDUPUBEXP","PRY_NTRY","PC_GDP","A","2016",3.371855,
"FRA","EDUPUBEXP","PRY_NTRY","PC_GDP","A","2017",3.393905,
"FRA","EDUPUBEXP","PRY_NTRY","PC_GDP","A","2018",3.3663,
"DEU","EDUPUBEXP","PRY_NTRY","PC_GDP","A","2005",2.835847,
"DEU","EDUPUBEXP","PRY_NTRY","PC_GDP","A","2008",2.665563,
"DEU","EDUPUBEXP","PRY_NTRY","PC_GDP","A","2010",2.912663,
"DEU","EDUPUBEXP","PRY_NTRY","PC_GDP","A","2011",2.794813,
"DEU","EDUPUBEXP","PRY_NTRY","PC_GDP","A","2012",2.72631,
"DEU","EDUPUBEXP","PRY_NTRY","PC_GDP","A","2013",2.71073,
"DEU","EDUPUBEXP","PRY_NTRY","PC_GDP","A","2014",2.678556,
"DEU","EDUPUBEXP","PRY_NTRY","PC_GDP","A","2015",2.627931,
"DEU","EDUPUBEXP","PRY_NTRY","PC_GDP","A","2016",2.600421,
"DEU","EDUPUBEXP","PRY_NTRY","PC_GDP","A","2017",2.601319,
"DEU","EDUPUBEXP","PRY_NTRY","PC_GDP","A","2018",2.636021,
"HUN","EDUPUBEXP","PRY_NTRY","PC_GDP","A","1995",2.190137,
"HUN","EDUPUBEXP","PRY_NTRY","PC_GDP","A","2000",2.727646,
"HUN","EDUPUBEXP","PRY_NTRY","PC_GDP","A","2005",3.216845,
"HUN","EDUPUBEXP","PRY_NTRY","PC_GDP","A","2008",2.915507,
"HUN","EDUPUBEXP","PRY_NTRY","PC_GDP","A","2009",2.851355,
"HUN","EDUPUBEXP","PRY_NTRY","PC_GDP","A","2010",2.716088,
"HUN","EDUPUBEXP","PRY_NTRY","PC_GDP","A","2011",1.550494,
"HUN","EDUPUBEXP","PRY_NTRY","PC_GDP","A","2012",2.422066,
"HUN","EDUPUBEXP","PRY_NTRY","PC_GDP","A","2013",2.307809,
"HUN","EDUPUBEXP","PRY_NTRY","PC_GDP","A","2014",2.678475,
"HUN","EDUPUBEXP","PRY_NTRY","PC_GDP","A","2015",2.626844,
"HUN","EDUPUBEXP","PRY_NTRY","PC_GDP","A","2016",2.806387,
"HUN","EDUPUBEXP","PRY_NTRY","PC_GDP","A","2017",2.609816,
"HUN","EDUPUBEXP","PRY_NTRY","PC_GDP","A","2018",2.542985,
"ISL","EDUPUBEXP","PRY_NTRY","PC_GDP","A","2000",4.441987,
"ISL","EDUPUBEXP","PRY_NTRY","PC_GDP","A","2005",4.982444,
"ISL","EDUPUBEXP","PRY_NTRY","PC_GDP","A","2008",4.542077,
"ISL","EDUPUBEXP","PRY_NTRY","PC_GDP","A","2009",4.578182,
"ISL","EDUPUBEXP","PRY_NTRY","PC_GDP","A","2010",4.329823,
"ISL","EDUPUBEXP","PRY_NTRY","PC_GDP","A","2011",4.380891,
"ISL","EDUPUBEXP","PRY_NTRY","PC_GDP","A","2012",4.269856,
"ISL","EDUPUBEXP","PRY_NTRY","PC_GDP","A","2013",4.193098,
"ISL","EDUPUBEXP","PRY_NTRY","PC_GDP","A","2014",4.317773,
"ISL","EDUPUBEXP","PRY_NTRY","PC_GDP","A","2015",4.226942,
"ISL","EDUPUBEXP","PRY_NTRY","PC_GDP","A","2016",4.114562,
"ISL","EDUPUBEXP","PRY_NTRY","PC_GDP","A","2017",4.316768,
"ISL","EDUPUBEXP","PRY_NTRY","PC_GDP","A","2018",4.425462,
"IRL","EDUPUBEXP","PRY_NTRY","PC_GDP","A","1995",3.57599,
"IRL","EDUPUBEXP","PRY_NTRY","PC_GDP","A","2000",2.724404,
"IRL","EDUPUBEXP","PRY_NTRY","PC_GDP","A","2005",3.138448,
"IRL","EDUPUBEXP","PRY_NTRY","PC_GDP","A","2008",3.865302,
"IRL","EDUPUBEXP","PRY_NTRY","PC_GDP","A","2009",4.310317,
"IRL","EDUPUBEXP","PRY_NTRY","PC_GDP","A","2010",4.267363,
"IRL","EDUPUBEXP","PRY_NTRY","PC_GDP","A","2011",4.163473,
"IRL","EDUPUBEXP","PRY_NTRY","PC_GDP","A","2012",4.138411,
"IRL","EDUPUBEXP","PRY_NTRY","PC_GDP","A","2013",3.812765,
"IRL","EDUPUBEXP","PRY_NTRY","PC_GDP","A","2014",3.498454,
"IRL","EDUPUBEXP","PRY_NTRY","PC_GDP","A","2015",2.316104,
"IRL","EDUPUBEXP","PRY_NTRY","PC_GDP","A","2016",2.302471,
"IRL","EDUPUBEXP","PRY_NTRY","PC_GDP","A","2017",2.209005,
"IRL","EDUPUBEXP","PRY_NTRY","PC_GDP","A","2018",2.162463,
"ITA","EDUPUBEXP","PRY_NTRY","PC_GDP","A","1995",3.465871,
"ITA","EDUPUBEXP","PRY_NTRY","PC_GDP","A","2000",2.994462,
"ITA","EDUPUBEXP","PRY_NTRY","PC_GDP","A","2005",3.017665,
"ITA","EDUPUBEXP","PRY_NTRY","PC_GDP","A","2008",3.080864,
"ITA","EDUPUBEXP","PRY_NTRY","PC_GDP","A","2009",3.158257,
"ITA","EDUPUBEXP","PRY_NTRY","PC_GDP","A","2010",2.988701,
"ITA","EDUPUBEXP","PRY_NTRY","PC_GDP","A","2011",2.820094,
"ITA","EDUPUBEXP","PRY_NTRY","PC_GDP","A","2012",2.767915,
"ITA","EDUPUBEXP","PRY_NTRY","PC_GDP","A","2013",2.823629,
"ITA","EDUPUBEXP","PRY_NTRY","PC_GDP","A","2014",2.741861,
"ITA","EDUPUBEXP","PRY_NTRY","PC_GDP","A","2015",2.774977,
"ITA","EDUPUBEXP","PRY_NTRY","PC_GDP","A","2016",2.584027,
"ITA","EDUPUBEXP","PRY_NTRY","PC_GDP","A","2017",2.769357,
"ITA","EDUPUBEXP","PRY_NTRY","PC_GDP","A","2018",2.92714,
"JPN","EDUPUBEXP","PRY_NTRY","PC_GDP","A","2005",2.461505,
"JPN","EDUPUBEXP","PRY_NTRY","PC_GDP","A","2010",2.679149,
"JPN","EDUPUBEXP","PRY_NTRY","PC_GDP","A","2011",2.608668,
"JPN","EDUPUBEXP","PRY_NTRY","PC_GDP","A","2012",2.644496,
"JPN","EDUPUBEXP","PRY_NTRY","PC_GDP","A","2013",2.576569,
"JPN","EDUPUBEXP","PRY_NTRY","PC_GDP","A","2014",2.603858,
"JPN","EDUPUBEXP","PRY_NTRY","PC_GDP","A","2015",2.548453,
"JPN","EDUPUBEXP","PRY_NTRY","PC_GDP","A","2016",2.449503,
"JPN","EDUPUBEXP","PRY_NTRY","PC_GDP","A","2017",2.43134,
"JPN","EDUPUBEXP","PRY_NTRY","PC_GDP","A","2018",2.381728,
"KOR","EDUPUBEXP","PRY_NTRY","PC_GDP","A","2015",3.046242,
"KOR","EDUPUBEXP","PRY_NTRY","PC_GDP","A","2016",2.968813,
"KOR","EDUPUBEXP","PRY_NTRY","PC_GDP","A","2017",3.031041,
"KOR","EDUPUBEXP","PRY_NTRY","PC_GDP","A","2018",3.128792,
"LUX","EDUPUBEXP","PRY_NTRY","PC_GDP","A","2005",3.726634,
"LUX","EDUPUBEXP","PRY_NTRY","PC_GDP","A","2009",3.775072,
"LUX","EDUPUBEXP","PRY_NTRY","PC_GDP","A","2010",3.474281,
"LUX","EDUPUBEXP","PRY_NTRY","PC_GDP","A","2011",3.241764,
"LUX","EDUPUBEXP","PRY_NTRY","PC_GDP","A","2012",3.146231,
"LUX","EDUPUBEXP","PRY_NTRY","PC_GDP","A","2013",2.763935,
"LUX","EDUPUBEXP","PRY_NTRY","PC_GDP","A","2014",2.888105,
"LUX","EDUPUBEXP","PRY_NTRY","PC_GDP","A","2015",2.796052,
"LUX","EDUPUBEXP","PRY_NTRY","PC_GDP","A","2016",2.52155,
"LUX","EDUPUBEXP","PRY_NTRY","PC_GDP","A","2017",2.597338,
"LUX","EDUPUBEXP","PRY_NTRY","PC_GDP","A","2018",2.736333,
"MEX","EDUPUBEXP","PRY_NTRY","PC_GDP","A","1995",2.67717,
"MEX","EDUPUBEXP","PRY_NTRY","PC_GDP","A","2000",2.700884,
"MEX","EDUPUBEXP","PRY_NTRY","PC_GDP","A","2005",3.16913,
"MEX","EDUPUBEXP","PRY_NTRY","PC_GDP","A","2008",2.99979,
"MEX","EDUPUBEXP","PRY_NTRY","PC_GDP","A","2009",3.15824,
"MEX","EDUPUBEXP","PRY_NTRY","PC_GDP","A","2010",3.220531,
"MEX","EDUPUBEXP","PRY_NTRY","PC_GDP","A","2011",3.211515,
"MEX","EDUPUBEXP","PRY_NTRY","PC_GDP","A","2012",3.159139,
"MEX","EDUPUBEXP","PRY_NTRY","PC_GDP","A","2013",3.207956,
"MEX","EDUPUBEXP","PRY_NTRY","PC_GDP","A","2014",3.187732,
"MEX","EDUPUBEXP","PRY_NTRY","PC_GDP","A","2015",3.197432,
"MEX","EDUPUBEXP","PRY_NTRY","PC_GDP","A","2016",3.010011,
"MEX","EDUPUBEXP","PRY_NTRY","PC_GDP","A","2017",2.834662,
"MEX","EDUPUBEXP","PRY_NTRY","PC_GDP","A","2018",2.622308,
"NLD","EDUPUBEXP","PRY_NTRY","PC_GDP","A","1995",2.647779,
"NLD","EDUPUBEXP","PRY_NTRY","PC_GDP","A","2000",2.698587,
"NLD","EDUPUBEXP","PRY_NTRY","PC_GDP","A","2005",3.090178,
"NLD","EDUPUBEXP","PRY_NTRY","PC_GDP","A","2008",2.947598,
"NLD","EDUPUBEXP","PRY_NTRY","PC_GDP","A","2009",3.282035,
"NLD","EDUPUBEXP","PRY_NTRY","PC_GDP","A","2010",3.275288,
"NLD","EDUPUBEXP","PRY_NTRY","PC_GDP","A","2011",3.192121,
"NLD","EDUPUBEXP","PRY_NTRY","PC_GDP","A","2012",3.214088,
"NLD","EDUPUBEXP","PRY_NTRY","PC_GDP","A","2013",3.27888,
"NLD","EDUPUBEXP","PRY_NTRY","PC_GDP","A","2014",3.147402,
"NLD","EDUPUBEXP","PRY_NTRY","PC_GDP","A","2015",3.145448,
"NLD","EDUPUBEXP","PRY_NTRY","PC_GDP","A","2016",3.105544,
"NLD","EDUPUBEXP","PRY_NTRY","PC_GDP","A","2017",3.030706,
"NLD","EDUPUBEXP","PRY_NTRY","PC_GDP","A","2018",3.015791,
"NZL","EDUPUBEXP","PRY_NTRY","PC_GDP","A","2012",4.072038,
"NZL","EDUPUBEXP","PRY_NTRY","PC_GDP","A","2013",4.014354,
"NZL","EDUPUBEXP","PRY_NTRY","PC_GDP","A","2014",3.911295,
"NZL","EDUPUBEXP","PRY_NTRY","PC_GDP","A","2015",3.937914,
"NZL","EDUPUBEXP","PRY_NTRY","PC_GDP","A","2016",3.853406,
"NZL","EDUPUBEXP","PRY_NTRY","PC_GDP","A","2017",3.791977,
"NZL","EDUPUBEXP","PRY_NTRY","PC_GDP","A","2018",3.732329,
"NOR","EDUPUBEXP","PRY_NTRY","PC_GDP","A","1995",4.916183,
"NOR","EDUPUBEXP","PRY_NTRY","PC_GDP","A","2000",4.923635,
"NOR","EDUPUBEXP","PRY_NTRY","PC_GDP","A","2005",4.891086,
"NOR","EDUPUBEXP","PRY_NTRY","PC_GDP","A","2008",4.613819,
"NOR","EDUPUBEXP","PRY_NTRY","PC_GDP","A","2009",4.99576,
"NOR","EDUPUBEXP","PRY_NTRY","PC_GDP","A","2010",4.871195,
"NOR","EDUPUBEXP","PRY_NTRY","PC_GDP","A","2011",4.739211,
"NOR","EDUPUBEXP","PRY_NTRY","PC_GDP","A","2012",4.608714,
"NOR","EDUPUBEXP","PRY_NTRY","PC_GDP","A","2013",4.69368,
"NOR","EDUPUBEXP","PRY_NTRY","PC_GDP","A","2014",4.509178,
"NOR","EDUPUBEXP","PRY_NTRY","PC_GDP","A","2015",4.624124,
"NOR","EDUPUBEXP","PRY_NTRY","PC_GDP","A","2016",4.602994,
"NOR","EDUPUBEXP","PRY_NTRY","PC_GDP","A","2017",4.654998,
"NOR","EDUPUBEXP","PRY_NTRY","PC_GDP","A","2018",4.634335,
"POL","EDUPUBEXP","PRY_NTRY","PC_GDP","A","1995",3.472633,
"POL","EDUPUBEXP","PRY_NTRY","PC_GDP","A","2000",3.622087,
"POL","EDUPUBEXP","PRY_NTRY","PC_GDP","A","2005",3.641232,
"POL","EDUPUBEXP","PRY_NTRY","PC_GDP","A","2008",3.388589,
"POL","EDUPUBEXP","PRY_NTRY","PC_GDP","A","2009",3.37733,
"POL","EDUPUBEXP","PRY_NTRY","PC_GDP","A","2010",3.356354,
"POL","EDUPUBEXP","PRY_NTRY","PC_GDP","A","2011",3.156352,
"POL","EDUPUBEXP","PRY_NTRY","PC_GDP","A","2012",3.116636,
"POL","EDUPUBEXP","PRY_NTRY","PC_GDP","A","2013",3.084816,
"POL","EDUPUBEXP","PRY_NTRY","PC_GDP","A","2014",3.054413,
"POL","EDUPUBEXP","PRY_NTRY","PC_GDP","A","2015",2.926059,
"POL","EDUPUBEXP","PRY_NTRY","PC_GDP","A","2016",2.888747,
"POL","EDUPUBEXP","PRY_NTRY","PC_GDP","A","2017",2.762001,
"POL","EDUPUBEXP","PRY_NTRY","PC_GDP","A","2018",2.796166,
"PRT","EDUPUBEXP","PRY_NTRY","PC_GDP","A","1995",3.449872,
"PRT","EDUPUBEXP","PRY_NTRY","PC_GDP","A","2000",3.71078,
"PRT","EDUPUBEXP","PRY_NTRY","PC_GDP","A","2005",3.571123,
"PRT","EDUPUBEXP","PRY_NTRY","PC_GDP","A","2008",3.263295,
"PRT","EDUPUBEXP","PRY_NTRY","PC_GDP","A","2009",3.824104,
"PRT","EDUPUBEXP","PRY_NTRY","PC_GDP","A","2010",3.739345,
"PRT","EDUPUBEXP","PRY_NTRY","PC_GDP","A","2011",3.559069,
"PRT","EDUPUBEXP","PRY_NTRY","PC_GDP","A","2012",3.544757,
"PRT","EDUPUBEXP","PRY_NTRY","PC_GDP","A","2013",3.77022,
"PRT","EDUPUBEXP","PRY_NTRY","PC_GDP","A","2014",3.59064,
"PRT","EDUPUBEXP","PRY_NTRY","PC_GDP","A","2015",3.394184,
"PRT","EDUPUBEXP","PRY_NTRY","PC_GDP","A","2016",3.358174,
"PRT","EDUPUBEXP","PRY_NTRY","PC_GDP","A","2017",3.548018,
"PRT","EDUPUBEXP","PRY_NTRY","PC_GDP","A","2018",3.314437,
"SVK","EDUPUBEXP","PRY_NTRY","PC_GDP","A","1995",2.968009,
"SVK","EDUPUBEXP","PRY_NTRY","PC_GDP","A","2000",2.57638,
"SVK","EDUPUBEXP","PRY_NTRY","PC_GDP","A","2005",2.406744,
"SVK","EDUPUBEXP","PRY_NTRY","PC_GDP","A","2008",2.137078,
"SVK","EDUPUBEXP","PRY_NTRY","PC_GDP","A","2009",2.511318,
"SVK","EDUPUBEXP","PRY_NTRY","PC_GDP","A","2010",2.613878,
"SVK","EDUPUBEXP","PRY_NTRY","PC_GDP","A","2011",2.380733,
"SVK","EDUPUBEXP","PRY_NTRY","PC_GDP","A","2012",2.314334,
"SVK","EDUPUBEXP","PRY_NTRY","PC_GDP","A","2013",2.410406,
"SVK","EDUPUBEXP","PRY_NTRY","PC_GDP","A","2014",2.470325,
"SVK","EDUPUBEXP","PRY_NTRY","PC_GDP","A","2015",2.526159,
"SVK","EDUPUBEXP","PRY_NTRY","PC_GDP","A","2016",2.429744,
"SVK","EDUPUBEXP","PRY_NTRY","PC_GDP","A","2017",2.46817,
"SVK","EDUPUBEXP","PRY_NTRY","PC_GDP","A","2018",2.502799,
"ESP","EDUPUBEXP","PRY_NTRY","PC_GDP","A","1995",3.267432,
"ESP","EDUPUBEXP","PRY_NTRY","PC_GDP","A","2000",2.869314,
"ESP","EDUPUBEXP","PRY_NTRY","PC_GDP","A","2005",2.659401,
"ESP","EDUPUBEXP","PRY_NTRY","PC_GDP","A","2008",2.801687,
"ESP","EDUPUBEXP","PRY_NTRY","PC_GDP","A","2009",3.025461,
"ESP","EDUPUBEXP","PRY_NTRY","PC_GDP","A","2010",2.966595,
"ESP","EDUPUBEXP","PRY_NTRY","PC_GDP","A","2011",2.898799,
"ESP","EDUPUBEXP","PRY_NTRY","PC_GDP","A","2012",2.769789,
"ESP","EDUPUBEXP","PRY_NTRY","PC_GDP","A","2013",2.69327,
"ESP","EDUPUBEXP","PRY_NTRY","PC_GDP","A","2014",2.653048,
"ESP","EDUPUBEXP","PRY_NTRY","PC_GDP","A","2015",2.662205,
"ESP","EDUPUBEXP","PRY_NTRY","PC_GDP","A","2016",2.657864,
"ESP","EDUPUBEXP","PRY_NTRY","PC_GDP","A","2017",2.630945,
"ESP","EDUPUBEXP","PRY_NTRY","PC_GDP","A","2018",2.610502,
"SWE","EDUPUBEXP","PRY_NTRY","PC_GDP","A","1995",3.837006,
"SWE","EDUPUBEXP","PRY_NTRY","PC_GDP","A","2000",3.968522,
"SWE","EDUPUBEXP","PRY_NTRY","PC_GDP","A","2005",3.961775,
"SWE","EDUPUBEXP","PRY_NTRY","PC_GDP","A","2008",3.794719,
"SWE","EDUPUBEXP","PRY_NTRY","PC_GDP","A","2009",3.920606,
"SWE","EDUPUBEXP","PRY_NTRY","PC_GDP","A","2010",3.718517,
"SWE","EDUPUBEXP","PRY_NTRY","PC_GDP","A","2011",3.615736,
"SWE","EDUPUBEXP","PRY_NTRY","PC_GDP","A","2012",3.649807,
"SWE","EDUPUBEXP","PRY_NTRY","PC_GDP","A","2013",3.651597,
"SWE","EDUPUBEXP","PRY_NTRY","PC_GDP","A","2014",3.62883,
"SWE","EDUPUBEXP","PRY_NTRY","PC_GDP","A","2015",3.594253,
"SWE","EDUPUBEXP","PRY_NTRY","PC_GDP","A","2016",3.772745,
"SWE","EDUPUBEXP","PRY_NTRY","PC_GDP","A","2017",3.864597,
"SWE","EDUPUBEXP","PRY_NTRY","PC_GDP","A","2018",3.971727,
"CHE","EDUPUBEXP","PRY_NTRY","PC_GDP","A","1995",2.636232,
"CHE","EDUPUBEXP","PRY_NTRY","PC_GDP","A","2000",3.214818,
"CHE","EDUPUBEXP","PRY_NTRY","PC_GDP","A","2005",3.371132,
"CHE","EDUPUBEXP","PRY_NTRY","PC_GDP","A","2008",2.996444,
"CHE","EDUPUBEXP","PRY_NTRY","PC_GDP","A","2009",3.18012,
"CHE","EDUPUBEXP","PRY_NTRY","PC_GDP","A","2010",3.091497,
"CHE","EDUPUBEXP","PRY_NTRY","PC_GDP","A","2011",3.102449,
"CHE","EDUPUBEXP","PRY_NTRY","PC_GDP","A","2012",3.274699,
"CHE","EDUPUBEXP","PRY_NTRY","PC_GDP","A","2013",3.295736,
"CHE","EDUPUBEXP","PRY_NTRY","PC_GDP","A","2014",3.23825,
"CHE","EDUPUBEXP","PRY_NTRY","PC_GDP","A","2015",3.127219,
"CHE","EDUPUBEXP","PRY_NTRY","PC_GDP","A","2016",3.132203,
"CHE","EDUPUBEXP","PRY_NTRY","PC_GDP","A","2017",3.121647,
"GBR","EDUPUBEXP","PRY_NTRY","PC_GDP","A","2000",2.91784,
"GBR","EDUPUBEXP","PRY_NTRY","PC_GDP","A","2005",3.422544,
"GBR","EDUPUBEXP","PRY_NTRY","PC_GDP","A","2008",2.995398,
"GBR","EDUPUBEXP","PRY_NTRY","PC_GDP","A","2009",3.194728,
"GBR","EDUPUBEXP","PRY_NTRY","PC_GDP","A","2010",3.410124,
"GBR","EDUPUBEXP","PRY_NTRY","PC_GDP","A","2011",3.722321,
"GBR","EDUPUBEXP","PRY_NTRY","PC_GDP","A","2012",3.69732,
"GBR","EDUPUBEXP","PRY_NTRY","PC_GDP","A","2013",4.033301,
"GBR","EDUPUBEXP","PRY_NTRY","PC_GDP","A","2014",4.19294,
"GBR","EDUPUBEXP","PRY_NTRY","PC_GDP","A","2015",3.843532,
"GBR","EDUPUBEXP","PRY_NTRY","PC_GDP","A","2016",3.694655,
"GBR","EDUPUBEXP","PRY_NTRY","PC_GDP","A","2017",3.638306,
"GBR","EDUPUBEXP","PRY_NTRY","PC_GDP","A","2018",3.420327,
"USA","EDUPUBEXP","PRY_NTRY","PC_GDP","A","2000",3.379997,
"USA","EDUPUBEXP","PRY_NTRY","PC_GDP","A","2005",3.471248,
"USA","EDUPUBEXP","PRY_NTRY","PC_GDP","A","2008",3.600461,
"USA","EDUPUBEXP","PRY_NTRY","PC_GDP","A","2009",3.657519,
"USA","EDUPUBEXP","PRY_NTRY","PC_GDP","A","2010",3.598243,
"USA","EDUPUBEXP","PRY_NTRY","PC_GDP","A","2011",3.449263,
"USA","EDUPUBEXP","PRY_NTRY","PC_GDP","A","2012",3.301008,
"USA","EDUPUBEXP","PRY_NTRY","PC_GDP","A","2013",3.213804,
"USA","EDUPUBEXP","PRY_NTRY","PC_GDP","A","2014",3.182845,
"USA","EDUPUBEXP","PRY_NTRY","PC_GDP","A","2015",3.187478,
"USA","EDUPUBEXP","PRY_NTRY","PC_GDP","A","2016",3.212993,
"USA","EDUPUBEXP","PRY_NTRY","PC_GDP","A","2017",3.239663,
"USA","EDUPUBEXP","PRY_NTRY","PC_GDP","A","2018",3.209809,
"BRA","EDUPUBEXP","PRY_NTRY","PC_GDP","A","1995",2.36385,
"BRA","EDUPUBEXP","PRY_NTRY","PC_GDP","A","2000",2.400363,
"BRA","EDUPUBEXP","PRY_NTRY","PC_GDP","A","2005",3.197012,
"BRA","EDUPUBEXP","PRY_NTRY","PC_GDP","A","2008",3.95846,
"BRA","EDUPUBEXP","PRY_NTRY","PC_GDP","A","2009",4.129032,
"BRA","EDUPUBEXP","PRY_NTRY","PC_GDP","A","2010",4.021223,
"BRA","EDUPUBEXP","PRY_NTRY","PC_GDP","A","2011",4.183313,
"BRA","EDUPUBEXP","PRY_NTRY","PC_GDP","A","2012",4.16751,
"BRA","EDUPUBEXP","PRY_NTRY","PC_GDP","A","2013",4.151693,
"BRA","EDUPUBEXP","PRY_NTRY","PC_GDP","A","2014",4.0216,
"BRA","EDUPUBEXP","PRY_NTRY","PC_GDP","A","2015",4.064267,
"BRA","EDUPUBEXP","PRY_NTRY","PC_GDP","A","2016",4.112799,
"BRA","EDUPUBEXP","PRY_NTRY","PC_GDP","A","2017",3.975799,
"BRA","EDUPUBEXP","PRY_NTRY","PC_GDP","A","2018",3.90078,
"CHL","EDUPUBEXP","PRY_NTRY","PC_GDP","A","1995",1.952217,
"CHL","EDUPUBEXP","PRY_NTRY","PC_GDP","A","2000",2.906001,
"CHL","EDUPUBEXP","PRY_NTRY","PC_GDP","A","2005",2.487712,
"CHL","EDUPUBEXP","PRY_NTRY","PC_GDP","A","2008",2.802425,
"CHL","EDUPUBEXP","PRY_NTRY","PC_GDP","A","2009",3.013989,
"CHL","EDUPUBEXP","PRY_NTRY","PC_GDP","A","2010",2.655857,
"CHL","EDUPUBEXP","PRY_NTRY","PC_GDP","A","2011",2.621308,
"CHL","EDUPUBEXP","PRY_NTRY","PC_GDP","A","2012",2.92967,
"CHL","EDUPUBEXP","PRY_NTRY","PC_GDP","A","2013",2.635662,
"CHL","EDUPUBEXP","PRY_NTRY","PC_GDP","A","2014",2.455717,
"CHL","EDUPUBEXP","PRY_NTRY","PC_GDP","A","2015",2.615236,
"CHL","EDUPUBEXP","PRY_NTRY","PC_GDP","A","2016",2.981299,
"CHL","EDUPUBEXP","PRY_NTRY","PC_GDP","A","2017",2.99328,
"CHL","EDUPUBEXP","PRY_NTRY","PC_GDP","A","2018",2.994505,
"EST","EDUPUBEXP","PRY_NTRY","PC_GDP","A","1995",4.040138,
"EST","EDUPUBEXP","PRY_NTRY","PC_GDP","A","2000",3.856247,
"EST","EDUPUBEXP","PRY_NTRY","PC_GDP","A","2005",3.375294,
"EST","EDUPUBEXP","PRY_NTRY","PC_GDP","A","2008",3.719857,
"EST","EDUPUBEXP","PRY_NTRY","PC_GDP","A","2009",4.00375,
"EST","EDUPUBEXP","PRY_NTRY","PC_GDP","A","2010",3.717539,
"EST","EDUPUBEXP","PRY_NTRY","PC_GDP","A","2011",3.210306,
"EST","EDUPUBEXP","PRY_NTRY","PC_GDP","A","2012",3.1263,
"EST","EDUPUBEXP","PRY_NTRY","PC_GDP","A","2013",3.077066,
"EST","EDUPUBEXP","PRY_NTRY","PC_GDP","A","2014",2.60177,
"EST","EDUPUBEXP","PRY_NTRY","PC_GDP","A","2015",2.691773,
"EST","EDUPUBEXP","PRY_NTRY","PC_GDP","A","2016",2.668693,
"EST","EDUPUBEXP","PRY_NTRY","PC_GDP","A","2017",2.756823,
"EST","EDUPUBEXP","PRY_NTRY","PC_GDP","A","2018",2.968454,
"IND","EDUPUBEXP","PRY_NTRY","PC_GDP","A","2000",3.207488,
"IND","EDUPUBEXP","PRY_NTRY","PC_GDP","A","2005",2.242242,
"IND","EDUPUBEXP","PRY_NTRY","PC_GDP","A","2009",1.790854,
"IND","EDUPUBEXP","PRY_NTRY","PC_GDP","A","2010",1.78612,
"IND","EDUPUBEXP","PRY_NTRY","PC_GDP","A","2011",2.116583,
"IND","EDUPUBEXP","PRY_NTRY","PC_GDP","A","2012",2.247851,
"IND","EDUPUBEXP","PRY_NTRY","PC_GDP","A","2013",2.362807,
"IDN","EDUPUBEXP","PRY_NTRY","PC_GDP","A","2008",1.93772,
"IDN","EDUPUBEXP","PRY_NTRY","PC_GDP","A","2009",2.38484,
"IDN","EDUPUBEXP","PRY_NTRY","PC_GDP","A","2010",1.907982,
"IDN","EDUPUBEXP","PRY_NTRY","PC_GDP","A","2012",2.287771,
"IDN","EDUPUBEXP","PRY_NTRY","PC_GDP","A","2013",2.269749,
"IDN","EDUPUBEXP","PRY_NTRY","PC_GDP","A","2014",2.289216,
"IDN","EDUPUBEXP","PRY_NTRY","PC_GDP","A","2015",2.491962,
"ISR","EDUPUBEXP","PRY_NTRY","PC_GDP","A","1995",4.345241,
"ISR","EDUPUBEXP","PRY_NTRY","PC_GDP","A","2000",3.963189,
"ISR","EDUPUBEXP","PRY_NTRY","PC_GDP","A","2005",3.528956,
"ISR","EDUPUBEXP","PRY_NTRY","PC_GDP","A","2008",3.651522,
"ISR","EDUPUBEXP","PRY_NTRY","PC_GDP","A","2009",3.53012,
"ISR","EDUPUBEXP","PRY_NTRY","PC_GDP","A","2010",3.661131,
"ISR","EDUPUBEXP","PRY_NTRY","PC_GDP","A","2011",3.756122,
"ISR","EDUPUBEXP","PRY_NTRY","PC_GDP","A","2012",4.071035,
"ISR","EDUPUBEXP","PRY_NTRY","PC_GDP","A","2013",4.014222,
"ISR","EDUPUBEXP","PRY_NTRY","PC_GDP","A","2014",3.978448,
"ISR","EDUPUBEXP","PRY_NTRY","PC_GDP","A","2015",4.015768,
"ISR","EDUPUBEXP","PRY_NTRY","PC_GDP","A","2016",4.034018,
"ISR","EDUPUBEXP","PRY_NTRY","PC_GDP","A","2017",4.220969,
"ISR","EDUPUBEXP","PRY_NTRY","PC_GDP","A","2018",4.323145,
"RUS","EDUPUBEXP","PRY_NTRY","PC_GDP","A","2008",1.869019,
"RUS","EDUPUBEXP","PRY_NTRY","PC_GDP","A","2009",2.139666,
"RUS","EDUPUBEXP","PRY_NTRY","PC_GDP","A","2010",1.853569,
"RUS","EDUPUBEXP","PRY_NTRY","PC_GDP","A","2011",2.644428,
"RUS","EDUPUBEXP","PRY_NTRY","PC_GDP","A","2012",2.017136,
"RUS","EDUPUBEXP","PRY_NTRY","PC_GDP","A","2013",2.048601,
"RUS","EDUPUBEXP","PRY_NTRY","PC_GDP","A","2014",1.948808,
"RUS","EDUPUBEXP","PRY_NTRY","PC_GDP","A","2015",1.846277,
"RUS","EDUPUBEXP","PRY_NTRY","PC_GDP","A","2016",1.871671,
"RUS","EDUPUBEXP","PRY_NTRY","PC_GDP","A","2017",2.302651,
"RUS","EDUPUBEXP","PRY_NTRY","PC_GDP","A","2018",2.276071,
"SVN","EDUPUBEXP","PRY_NTRY","PC_GDP","A","2005",3.741037,
"SVN","EDUPUBEXP","PRY_NTRY","PC_GDP","A","2008",3.312609,
"SVN","EDUPUBEXP","PRY_NTRY","PC_GDP","A","2009",3.520156,
"SVN","EDUPUBEXP","PRY_NTRY","PC_GDP","A","2010",3.489394,
"SVN","EDUPUBEXP","PRY_NTRY","PC_GDP","A","2011",3.381269,
"SVN","EDUPUBEXP","PRY_NTRY","PC_GDP","A","2012",3.342652,
"SVN","EDUPUBEXP","PRY_NTRY","PC_GDP","A","2013",3.27375,
"SVN","EDUPUBEXP","PRY_NTRY","PC_GDP","A","2014",3.153739,
"SVN","EDUPUBEXP","PRY_NTRY","PC_GDP","A","2015",2.953491,
"SVN","EDUPUBEXP","PRY_NTRY","PC_GDP","A","2016",2.908732,
"SVN","EDUPUBEXP","PRY_NTRY","PC_GDP","A","2017",2.89693,
"SVN","EDUPUBEXP","PRY_NTRY","PC_GDP","A","2018",2.857051,
"ZAF","EDUPUBEXP","PRY_NTRY","PC_GDP","A","2017",4.061841,
"ZAF","EDUPUBEXP","PRY_NTRY","PC_GDP","A","2018",4.148211,
"AUS","EDUPUBEXP","PRY_TRY","PC_GDP","A","2000",3.894984,
"AUS","EDUPUBEXP","PRY_TRY","PC_GDP","A","2005",3.92516,
"AUS","EDUPUBEXP","PRY_TRY","PC_GDP","A","2008",3.863404,
"AUS","EDUPUBEXP","PRY_TRY","PC_GDP","A","2009",4.299675,
"AUS","EDUPUBEXP","PRY_TRY","PC_GDP","A","2010",4.574729,
"AUS","EDUPUBEXP","PRY_TRY","PC_GDP","A","2011",4.236782,
"AUS","EDUPUBEXP","PRY_TRY","PC_GDP","A","2012",4.01594,
"AUS","EDUPUBEXP","PRY_TRY","PC_GDP","A","2013",3.977082,
"AUS","EDUPUBEXP","PRY_TRY","PC_GDP","A","2014",3.922732,
"AUS","EDUPUBEXP","PRY_TRY","PC_GDP","A","2015",3.945891,
"AUS","EDUPUBEXP","PRY_TRY","PC_GDP","A","2016",3.942,
"AUS","EDUPUBEXP","PRY_TRY","PC_GDP","A","2017",3.950278,
"AUS","EDUPUBEXP","PRY_TRY","PC_GDP","A","2018",3.951462,
"AUT","EDUPUBEXP","PRY_TRY","PC_GDP","A","2012",4.655299,
"AUT","EDUPUBEXP","PRY_TRY","PC_GDP","A","2013",4.71577,
"AUT","EDUPUBEXP","PRY_TRY","PC_GDP","A","2014",4.594504,
"AUT","EDUPUBEXP","PRY_TRY","PC_GDP","A","2015",4.614255,
"AUT","EDUPUBEXP","PRY_TRY","PC_GDP","A","2016",4.619665,
"AUT","EDUPUBEXP","PRY_TRY","PC_GDP","A","2017",4.502062,
"AUT","EDUPUBEXP","PRY_TRY","PC_GDP","A","2018",4.378695,
"BEL","EDUPUBEXP","PRY_TRY","PC_GDP","A","2005",4.972468,
"BEL","EDUPUBEXP","PRY_TRY","PC_GDP","A","2008",5.272068,
"BEL","EDUPUBEXP","PRY_TRY","PC_GDP","A","2009",5.37848,
"BEL","EDUPUBEXP","PRY_TRY","PC_GDP","A","2010",5.350644,
"BEL","EDUPUBEXP","PRY_TRY","PC_GDP","A","2011",5.344074,
"BEL","EDUPUBEXP","PRY_TRY","PC_GDP","A","2012",5.415276,
"BEL","EDUPUBEXP","PRY_TRY","PC_GDP","A","2013",5.460614,
"BEL","EDUPUBEXP","PRY_TRY","PC_GDP","A","2014",5.388659,
"BEL","EDUPUBEXP","PRY_TRY","PC_GDP","A","2015",5.274794,
"BEL","EDUPUBEXP","PRY_TRY","PC_GDP","A","2016",5.275895,
"BEL","EDUPUBEXP","PRY_TRY","PC_GDP","A","2017",5.264083,
"BEL","EDUPUBEXP","PRY_TRY","PC_GDP","A","2018",5.240486,
"CAN","EDUPUBEXP","PRY_TRY","PC_GDP","A","2000",4.683004,
"CAN","EDUPUBEXP","PRY_TRY","PC_GDP","A","2005",4.444576,
"CAN","EDUPUBEXP","PRY_TRY","PC_GDP","A","2008",4.73495,
"CAN","EDUPUBEXP","PRY_TRY","PC_GDP","A","2009",4.805351,
"CAN","EDUPUBEXP","PRY_TRY","PC_GDP","A","2010",5.118048,
"CAN","EDUPUBEXP","PRY_TRY","PC_GDP","A","2011",4.840515,
"CAN","EDUPUBEXP","PRY_TRY","PC_GDP","A","2012",4.66586,
"CAN","EDUPUBEXP","PRY_TRY","PC_GDP","A","2013",4.546308,
"CAN","EDUPUBEXP","PRY_TRY","PC_GDP","A","2014",4.435915,
"CAN","EDUPUBEXP","PRY_TRY","PC_GDP","A","2015",4.369971,
"CAN","EDUPUBEXP","PRY_TRY","PC_GDP","A","2016",4.509711,
"CAN","EDUPUBEXP","PRY_TRY","PC_GDP","A","2017",4.507942,
"CAN","EDUPUBEXP","PRY_TRY","PC_GDP","A","2018",4.441295,
"CZE","EDUPUBEXP","PRY_TRY","PC_GDP","A","1995",3.495439,
"CZE","EDUPUBEXP","PRY_TRY","PC_GDP","A","2000",2.980452,
"CZE","EDUPUBEXP","PRY_TRY","PC_GDP","A","2005",3.234416,
"CZE","EDUPUBEXP","PRY_TRY","PC_GDP","A","2008",3.110877,
"CZE","EDUPUBEXP","PRY_TRY","PC_GDP","A","2009",3.426698,
"CZE","EDUPUBEXP","PRY_TRY","PC_GDP","A","2010",3.316549,
"CZE","EDUPUBEXP","PRY_TRY","PC_GDP","A","2011",3.531069,
"CZE","EDUPUBEXP","PRY_TRY","PC_GDP","A","2012",3.457679,
"CZE","EDUPUBEXP","PRY_TRY","PC_GDP","A","2013",3.267575,
"CZE","EDUPUBEXP","PRY_TRY","PC_GDP","A","2014",3.168767,
"CZE","EDUPUBEXP","PRY_TRY","PC_GDP","A","2015",3.159413,
"CZE","EDUPUBEXP","PRY_TRY","PC_GDP","A","2016",2.963095,
"CZE","EDUPUBEXP","PRY_TRY","PC_GDP","A","2017",3.118059,
"CZE","EDUPUBEXP","PRY_TRY","PC_GDP","A","2018",3.594657,
"DNK","EDUPUBEXP","PRY_TRY","PC_GDP","A","1995",5.412151,
"DNK","EDUPUBEXP","PRY_TRY","PC_GDP","A","2000",5.403827,
"DNK","EDUPUBEXP","PRY_TRY","PC_GDP","A","2005",5.869035,
"DNK","EDUPUBEXP","PRY_TRY","PC_GDP","A","2008",5.550194,
"DNK","EDUPUBEXP","PRY_TRY","PC_GDP","A","2009",6.20696,
"DNK","EDUPUBEXP","PRY_TRY","PC_GDP","A","2010",6.240932,
"DNK","EDUPUBEXP","PRY_TRY","PC_GDP","A","2011",5.829673,
"DNK","EDUPUBEXP","PRY_TRY","PC_GDP","A","2012",5.982242,
"DNK","EDUPUBEXP","PRY_TRY","PC_GDP","A","2013",5.985757,
"DNK","EDUPUBEXP","PRY_TRY","PC_GDP","A","2014",6.236617,
"DNK","EDUPUBEXP","PRY_TRY","PC_GDP","A","2016",5.062338,
"DNK","EDUPUBEXP","PRY_TRY","PC_GDP","A","2017",4.771619,
"DNK","EDUPUBEXP","PRY_TRY","PC_GDP","A","2018",4.726211,
"FIN","EDUPUBEXP","PRY_TRY","PC_GDP","A","1995",5.723143,
"FIN","EDUPUBEXP","PRY_TRY","PC_GDP","A","2000",5.044894,
"FIN","EDUPUBEXP","PRY_TRY","PC_GDP","A","2005",5.249748,
"FIN","EDUPUBEXP","PRY_TRY","PC_GDP","A","2008",5.094926,
"FIN","EDUPUBEXP","PRY_TRY","PC_GDP","A","2009",5.602368,
"FIN","EDUPUBEXP","PRY_TRY","PC_GDP","A","2010",5.664453,
"FIN","EDUPUBEXP","PRY_TRY","PC_GDP","A","2011",5.633878,
"FIN","EDUPUBEXP","PRY_TRY","PC_GDP","A","2012",5.582862,
"FIN","EDUPUBEXP","PRY_TRY","PC_GDP","A","2013",5.537882,
"FIN","EDUPUBEXP","PRY_TRY","PC_GDP","A","2014",5.517635,
"FIN","EDUPUBEXP","PRY_TRY","PC_GDP","A","2015",5.528722,
"FIN","EDUPUBEXP","PRY_TRY","PC_GDP","A","2016",5.357147,
"FIN","EDUPUBEXP","PRY_TRY","PC_GDP","A","2017",5.022893,
"FIN","EDUPUBEXP","PRY_TRY","PC_GDP","A","2018",4.976242,
"FRA","EDUPUBEXP","PRY_TRY","PC_GDP","A","2005",4.615905,
"FRA","EDUPUBEXP","PRY_TRY","PC_GDP","A","2008",4.571371,
"FRA","EDUPUBEXP","PRY_TRY","PC_GDP","A","2009",4.850231,
"FRA","EDUPUBEXP","PRY_TRY","PC_GDP","A","2010",4.78763,
"FRA","EDUPUBEXP","PRY_TRY","PC_GDP","A","2011",4.625474,
"FRA","EDUPUBEXP","PRY_TRY","PC_GDP","A","2012",4.575379,
"FRA","EDUPUBEXP","PRY_TRY","PC_GDP","A","2013",4.569016,
"FRA","EDUPUBEXP","PRY_TRY","PC_GDP","A","2014",4.572463,
"FRA","EDUPUBEXP","PRY_TRY","PC_GDP","A","2015",4.528919,
"FRA","EDUPUBEXP","PRY_TRY","PC_GDP","A","2016",4.486509,
"FRA","EDUPUBEXP","PRY_TRY","PC_GDP","A","2017",4.513451,
"FRA","EDUPUBEXP","PRY_TRY","PC_GDP","A","2018",4.491224,
"DEU","EDUPUBEXP","PRY_TRY","PC_GDP","A","2005",3.717303,
"DEU","EDUPUBEXP","PRY_TRY","PC_GDP","A","2008",3.59147,
"DEU","EDUPUBEXP","PRY_TRY","PC_GDP","A","2010",3.933884,
"DEU","EDUPUBEXP","PRY_TRY","PC_GDP","A","2011",3.826335,
"DEU","EDUPUBEXP","PRY_TRY","PC_GDP","A","2012",3.756993,
"DEU","EDUPUBEXP","PRY_TRY","PC_GDP","A","2013",3.736653,
"DEU","EDUPUBEXP","PRY_TRY","PC_GDP","A","2014",3.712454,
"DEU","EDUPUBEXP","PRY_TRY","PC_GDP","A","2015",3.64615,
"DEU","EDUPUBEXP","PRY_TRY","PC_GDP","A","2016",3.614832,
"DEU","EDUPUBEXP","PRY_TRY","PC_GDP","A","2017",3.611617,
"DEU","EDUPUBEXP","PRY_TRY","PC_GDP","A","2018",3.671256,
"GRC","EDUPUBEXP","TRY","PC_GDP","A","1995",0.5477193,
"GRC","EDUPUBEXP","TRY","PC_GDP","A","2000",0.740422,
"GRC","EDUPUBEXP","TRY","PC_GDP","A","2005",1.410617,
"GRC","EDUPUBEXP","TRY","PC_GDP","A","2012",0.7546523,
"GRC","EDUPUBEXP","TRY","PC_GDP","A","2013",0.6524193,
"GRC","EDUPUBEXP","TRY","PC_GDP","A","2014",0.6491024,
"GRC","EDUPUBEXP","TRY","PC_GDP","A","2015",0.7258541,
"GRC","EDUPUBEXP","TRY","PC_GDP","A","2016",0.6304024,
"GRC","EDUPUBEXP","TRY","PC_GDP","A","2017",0.6223678,
"GRC","EDUPUBEXP","TRY","PC_GDP","A","2018",0.6620562,
"GRC","EDUPUBEXP","PRY_NTRY","PC_GDP","A","1995",1.88971,
"GRC","EDUPUBEXP","PRY_NTRY","PC_GDP","A","2000",2.348481,
"GRC","EDUPUBEXP","PRY_NTRY","PC_GDP","A","2005",2.529222,
"GRC","EDUPUBEXP","PRY_NTRY","PC_GDP","A","2012",2.669873,
"GRC","EDUPUBEXP","PRY_NTRY","PC_GDP","A","2013",2.662243,
"GRC","EDUPUBEXP","PRY_NTRY","PC_GDP","A","2014",2.676467,
"GRC","EDUPUBEXP","PRY_NTRY","PC_GDP","A","2015",2.639266,
"GRC","EDUPUBEXP","PRY_NTRY","PC_GDP","A","2016",2.634997,
"GRC","EDUPUBEXP","PRY_NTRY","PC_GDP","A","2017",2.557947,
"GRC","EDUPUBEXP","PRY_NTRY","PC_GDP","A","2018",2.631294,
"GRC","EDUPUBEXP","PRY_TRY","PC_GDP","A","1995",2.43743,
"GRC","EDUPUBEXP","PRY_TRY","PC_GDP","A","2000",3.088903,
"GRC","EDUPUBEXP","PRY_TRY","PC_GDP","A","2005",3.939839,
"GRC","EDUPUBEXP","PRY_TRY","PC_GDP","A","2012",3.424525,
"GRC","EDUPUBEXP","PRY_TRY","PC_GDP","A","2013",3.314662,
"GRC","EDUPUBEXP","PRY_TRY","PC_GDP","A","2014",3.32557,
"GRC","EDUPUBEXP","PRY_TRY","PC_GDP","A","2015",3.36512,
"GRC","EDUPUBEXP","PRY_TRY","PC_GDP","A","2016",3.2654,
"GRC","EDUPUBEXP","PRY_TRY","PC_GDP","A","2017",3.180314,
"GRC","EDUPUBEXP","PRY_TRY","PC_GDP","A","2018",3.29335,
"HUN","EDUPUBEXP","PRY_TRY","PC_GDP","A","1995",2.96814,
"HUN","EDUPUBEXP","PRY_TRY","PC_GDP","A","2000",3.574311,
"HUN","EDUPUBEXP","PRY_TRY","PC_GDP","A","2005",4.065978,
"HUN","EDUPUBEXP","PRY_TRY","PC_GDP","A","2008",3.768004,
"HUN","EDUPUBEXP","PRY_TRY","PC_GDP","A","2009",3.787434,
"HUN","EDUPUBEXP","PRY_TRY","PC_GDP","A","2010",3.531546,
"HUN","EDUPUBEXP","PRY_TRY","PC_GDP","A","2011",2.487134,
"HUN","EDUPUBEXP","PRY_TRY","PC_GDP","A","2012",3.093646,
"HUN","EDUPUBEXP","PRY_TRY","PC_GDP","A","2013",3.087395,
"HUN","EDUPUBEXP","PRY_TRY","PC_GDP","A","2014",3.330499,
"HUN","EDUPUBEXP","PRY_TRY","PC_GDP","A","2015",3.172942,
"HUN","EDUPUBEXP","PRY_TRY","PC_GDP","A","2016",3.467575,
"HUN","EDUPUBEXP","PRY_TRY","PC_GDP","A","2017",3.314119,
"HUN","EDUPUBEXP","PRY_TRY","PC_GDP","A","2018",3.26645,
"ISL","EDUPUBEXP","PRY_TRY","PC_GDP","A","2000",5.376552,
"ISL","EDUPUBEXP","PRY_TRY","PC_GDP","A","2005",6.061954,
"ISL","EDUPUBEXP","PRY_TRY","PC_GDP","A","2008",5.616982,
"ISL","EDUPUBEXP","PRY_TRY","PC_GDP","A","2009",5.679109,
"ISL","EDUPUBEXP","PRY_TRY","PC_GDP","A","2010",5.358108,
"ISL","EDUPUBEXP","PRY_TRY","PC_GDP","A","2011",5.354278,
"ISL","EDUPUBEXP","PRY_TRY","PC_GDP","A","2012",5.37611,
"ISL","EDUPUBEXP","PRY_TRY","PC_GDP","A","2013",5.27351,
"ISL","EDUPUBEXP","PRY_TRY","PC_GDP","A","2014",5.41904,
"ISL","EDUPUBEXP","PRY_TRY","PC_GDP","A","2015",5.332742,
"ISL","EDUPUBEXP","PRY_TRY","PC_GDP","A","2016",5.225084,
"ISL","EDUPUBEXP","PRY_TRY","PC_GDP","A","2017",5.455425,
"ISL","EDUPUBEXP","PRY_TRY","PC_GDP","A","2018",5.468571,
"IRL","EDUPUBEXP","PRY_TRY","PC_GDP","A","1995",4.435561,
"IRL","EDUPUBEXP","PRY_TRY","PC_GDP","A","2000",3.821337,
"IRL","EDUPUBEXP","PRY_TRY","PC_GDP","A","2005",4.035494,
"IRL","EDUPUBEXP","PRY_TRY","PC_GDP","A","2008",4.971264,
"IRL","EDUPUBEXP","PRY_TRY","PC_GDP","A","2009",5.576551,
"IRL","EDUPUBEXP","PRY_TRY","PC_GDP","A","2010",5.433398,
"IRL","EDUPUBEXP","PRY_TRY","PC_GDP","A","2011",5.266548,
"IRL","EDUPUBEXP","PRY_TRY","PC_GDP","A","2012",5.286642,
"IRL","EDUPUBEXP","PRY_TRY","PC_GDP","A","2013",4.742936,
"IRL","EDUPUBEXP","PRY_TRY","PC_GDP","A","2014",4.318267,
"IRL","EDUPUBEXP","PRY_TRY","PC_GDP","A","2015",2.994301,
"IRL","EDUPUBEXP","PRY_TRY","PC_GDP","A","2016",2.967536,
"IRL","EDUPUBEXP","PRY_TRY","PC_GDP","A","2017",2.8177,
"IRL","EDUPUBEXP","PRY_TRY","PC_GDP","A","2018",2.757662,
"ITA","EDUPUBEXP","PRY_TRY","PC_GDP","A","1995",4.057243,
"ITA","EDUPUBEXP","PRY_TRY","PC_GDP","A","2000",3.628047,
"ITA","EDUPUBEXP","PRY_TRY","PC_GDP","A","2005",3.625203,
"ITA","EDUPUBEXP","PRY_TRY","PC_GDP","A","2008",3.722159,
"ITA","EDUPUBEXP","PRY_TRY","PC_GDP","A","2009",3.802828,
"ITA","EDUPUBEXP","PRY_TRY","PC_GDP","A","2010",3.619378,
"ITA","EDUPUBEXP","PRY_TRY","PC_GDP","A","2011",3.439445,
"ITA","EDUPUBEXP","PRY_TRY","PC_GDP","A","2012",3.369805,
"ITA","EDUPUBEXP","PRY_TRY","PC_GDP","A","2013",3.451297,
"ITA","EDUPUBEXP","PRY_TRY","PC_GDP","A","2014",3.349126,
"ITA","EDUPUBEXP","PRY_TRY","PC_GDP","A","2015",3.343743,
"ITA","EDUPUBEXP","PRY_TRY","PC_GDP","A","2016",3.126664,
"ITA","EDUPUBEXP","PRY_TRY","PC_GDP","A","2017",3.324494,
"ITA","EDUPUBEXP","PRY_TRY","PC_GDP","A","2018",3.485715,
"JPN","EDUPUBEXP","PRY_TRY","PC_GDP","A","2005",2.92264,
"JPN","EDUPUBEXP","PRY_TRY","PC_GDP","A","2010",3.189638,
"JPN","EDUPUBEXP","PRY_TRY","PC_GDP","A","2011",3.070393,
"JPN","EDUPUBEXP","PRY_TRY","PC_GDP","A","2012",3.127594,
"JPN","EDUPUBEXP","PRY_TRY","PC_GDP","A","2013",3.101302,
"JPN","EDUPUBEXP","PRY_TRY","PC_GDP","A","2014",3.104945,
"JPN","EDUPUBEXP","PRY_TRY","PC_GDP","A","2015",3.007133,
"JPN","EDUPUBEXP","PRY_TRY","PC_GDP","A","2016",2.872752,
"JPN","EDUPUBEXP","PRY_TRY","PC_GDP","A","2017",2.863806,
"JPN","EDUPUBEXP","PRY_TRY","PC_GDP","A","2018",2.825576,
"KOR","EDUPUBEXP","PRY_TRY","PC_GDP","A","2015",3.664961,
"KOR","EDUPUBEXP","PRY_TRY","PC_GDP","A","2016",3.585315,
"KOR","EDUPUBEXP","PRY_TRY","PC_GDP","A","2017",3.625024,
"KOR","EDUPUBEXP","PRY_TRY","PC_GDP","A","2018",3.750807,
"LUX","EDUPUBEXP","TRY","PC_GDP","A","2012",0.3874688,
"LUX","EDUPUBEXP","TRY","PC_GDP","A","2013",0.5050393,
"LUX","EDUPUBEXP","TRY","PC_GDP","A","2014",0.4699246,
"LUX","EDUPUBEXP","TRY","PC_GDP","A","2015",0.4869161,
"LUX","EDUPUBEXP","TRY","PC_GDP","A","2016",0.436494,
"LUX","EDUPUBEXP","TRY","PC_GDP","A","2017",0.433184,
"LUX","EDUPUBEXP","TRY","PC_GDP","A","2018",0.3743456,
"LUX","EDUPUBEXP","PRY_TRY","PC_GDP","A","2012",3.5337,
"LUX","EDUPUBEXP","PRY_TRY","PC_GDP","A","2013",3.268974,
"LUX","EDUPUBEXP","PRY_TRY","PC_GDP","A","2014",3.358029,
"LUX","EDUPUBEXP","PRY_TRY","PC_GDP","A","2015",3.282968,
"LUX","EDUPUBEXP","PRY_TRY","PC_GDP","A","2016",2.958044,
"LUX","EDUPUBEXP","PRY_TRY","PC_GDP","A","2017",3.030522,
"LUX","EDUPUBEXP","PRY_TRY","PC_GDP","A","2018",3.110679,
"MEX","EDUPUBEXP","PRY_TRY","PC_GDP","A","1995",3.328752,
"MEX","EDUPUBEXP","PRY_TRY","PC_GDP","A","2000",3.384412,
"MEX","EDUPUBEXP","PRY_TRY","PC_GDP","A","2005",3.960854,
"MEX","EDUPUBEXP","PRY_TRY","PC_GDP","A","2008",3.84323,
"MEX","EDUPUBEXP","PRY_TRY","PC_GDP","A","2009",4.115712,
"MEX","EDUPUBEXP","PRY_TRY","PC_GDP","A","2010",4.164069,
"MEX","EDUPUBEXP","PRY_TRY","PC_GDP","A","2011",4.053355,
"MEX","EDUPUBEXP","PRY_TRY","PC_GDP","A","2012",4.068488,
"MEX","EDUPUBEXP","PRY_TRY","PC_GDP","A","2013",4.158229,
"MEX","EDUPUBEXP","PRY_TRY","PC_GDP","A","2014",4.193925,
"MEX","EDUPUBEXP","PRY_TRY","PC_GDP","A","2015",4.198099,
"MEX","EDUPUBEXP","PRY_TRY","PC_GDP","A","2016",3.95323,
"MEX","EDUPUBEXP","PRY_TRY","PC_GDP","A","2017",3.66599,
"MEX","EDUPUBEXP","PRY_TRY","PC_GDP","A","2018",3.443093,
"NLD","EDUPUBEXP","PRY_TRY","PC_GDP","A","1995",3.808323,
"NLD","EDUPUBEXP","PRY_TRY","PC_GDP","A","2000",3.667488,
"NLD","EDUPUBEXP","PRY_TRY","PC_GDP","A","2005",4.123959,
"NLD","EDUPUBEXP","PRY_TRY","PC_GDP","A","2008",3.945973,
"NLD","EDUPUBEXP","PRY_TRY","PC_GDP","A","2009",4.37155,
"NLD","EDUPUBEXP","PRY_TRY","PC_GDP","A","2010",4.396069,
"NLD","EDUPUBEXP","PRY_TRY","PC_GDP","A","2011",4.317286,
"NLD","EDUPUBEXP","PRY_TRY","PC_GDP","A","2012",4.35739,
"NLD","EDUPUBEXP","PRY_TRY","PC_GDP","A","2013",4.432332,
"NLD","EDUPUBEXP","PRY_TRY","PC_GDP","A","2014",4.304741,
"NLD","EDUPUBEXP","PRY_TRY","PC_GDP","A","2015",4.299735,
"NLD","EDUPUBEXP","PRY_TRY","PC_GDP","A","2016",4.249313,
"NLD","EDUPUBEXP","PRY_TRY","PC_GDP","A","2017",4.159009,
"NLD","EDUPUBEXP","PRY_TRY","PC_GDP","A","2018",4.150851,
"NZL","EDUPUBEXP","PRY_TRY","PC_GDP","A","2012",5.049479,
"NZL","EDUPUBEXP","PRY_TRY","PC_GDP","A","2013",4.96623,
"NZL","EDUPUBEXP","PRY_TRY","PC_GDP","A","2014",4.859375,
"NZL","EDUPUBEXP","PRY_TRY","PC_GDP","A","2015",4.880775,
"NZL","EDUPUBEXP","PRY_TRY","PC_GDP","A","2016",4.734212,
"NZL","EDUPUBEXP","PRY_TRY","PC_GDP","A","2017",4.669292,
"NZL","EDUPUBEXP","PRY_TRY","PC_GDP","A","2018",4.643884,
"NOR","EDUPUBEXP","PRY_TRY","PC_GDP","A","1995",6.721286,
"NOR","EDUPUBEXP","PRY_TRY","PC_GDP","A","2000",6.529684,
"NOR","EDUPUBEXP","PRY_TRY","PC_GDP","A","2005",6.566738,
"NOR","EDUPUBEXP","PRY_TRY","PC_GDP","A","2008",6.120105,
"NOR","EDUPUBEXP","PRY_TRY","PC_GDP","A","2009",6.590999,
"NOR","EDUPUBEXP","PRY_TRY","PC_GDP","A","2010",6.431563,
"NOR","EDUPUBEXP","PRY_TRY","PC_GDP","A","2011",6.285067,
"NOR","EDUPUBEXP","PRY_TRY","PC_GDP","A","2012",6.12756,
"NOR","EDUPUBEXP","PRY_TRY","PC_GDP","A","2013",6.236246,
"NOR","EDUPUBEXP","PRY_TRY","PC_GDP","A","2014",6.119992,
"NOR","EDUPUBEXP","PRY_TRY","PC_GDP","A","2015",6.297311,
"NOR","EDUPUBEXP","PRY_TRY","PC_GDP","A","2016",6.393994,
"NOR","EDUPUBEXP","PRY_TRY","PC_GDP","A","2017",6.444083,
"NOR","EDUPUBEXP","PRY_TRY","PC_GDP","A","2018",6.444826,
"POL","EDUPUBEXP","PRY_TRY","PC_GDP","A","1995",4.267834,
"POL","EDUPUBEXP","PRY_TRY","PC_GDP","A","2000",4.322353,
"POL","EDUPUBEXP","PRY_TRY","PC_GDP","A","2005",4.803237,
"POL","EDUPUBEXP","PRY_TRY","PC_GDP","A","2008",4.408394,
"POL","EDUPUBEXP","PRY_TRY","PC_GDP","A","2009",4.411564,
"POL","EDUPUBEXP","PRY_TRY","PC_GDP","A","2010",4.368754,
"POL","EDUPUBEXP","PRY_TRY","PC_GDP","A","2011",4.117257,
"POL","EDUPUBEXP","PRY_TRY","PC_GDP","A","2012",4.101123,
"POL","EDUPUBEXP","PRY_TRY","PC_GDP","A","2013",4.15535,
"POL","EDUPUBEXP","PRY_TRY","PC_GDP","A","2014",4.104846,
"POL","EDUPUBEXP","PRY_TRY","PC_GDP","A","2015",4.011344,
"POL","EDUPUBEXP","PRY_TRY","PC_GDP","A","2016",3.82071,
"POL","EDUPUBEXP","PRY_TRY","PC_GDP","A","2017",3.715397,
"POL","EDUPUBEXP","PRY_TRY","PC_GDP","A","2018",3.740281,
"PRT","EDUPUBEXP","PRY_TRY","PC_GDP","A","1995",4.269854,
"PRT","EDUPUBEXP","PRY_TRY","PC_GDP","A","2000",4.584841,
"PRT","EDUPUBEXP","PRY_TRY","PC_GDP","A","2005",4.408963,
"PRT","EDUPUBEXP","PRY_TRY","PC_GDP","A","2008",4.036114,
"PRT","EDUPUBEXP","PRY_TRY","PC_GDP","A","2009",4.702617,
"PRT","EDUPUBEXP","PRY_TRY","PC_GDP","A","2010",4.649642,
"PRT","EDUPUBEXP","PRY_TRY","PC_GDP","A","2011",4.41259,
"PRT","EDUPUBEXP","PRY_TRY","PC_GDP","A","2012",4.215128,
"PRT","EDUPUBEXP","PRY_TRY","PC_GDP","A","2013",4.506523,
"PRT","EDUPUBEXP","PRY_TRY","PC_GDP","A","2014",4.360444,
"PRT","EDUPUBEXP","PRY_TRY","PC_GDP","A","2015",4.143377,
"PRT","EDUPUBEXP","PRY_TRY","PC_GDP","A","2016",4.065532,
"PRT","EDUPUBEXP","PRY_TRY","PC_GDP","A","2017",4.247433,
"PRT","EDUPUBEXP","PRY_TRY","PC_GDP","A","2018",3.993846,
"SVK","EDUPUBEXP","PRY_TRY","PC_GDP","A","1995",3.655331,
"SVK","EDUPUBEXP","PRY_TRY","PC_GDP","A","2000",3.259675,
"SVK","EDUPUBEXP","PRY_TRY","PC_GDP","A","2005",3.085068,
"SVK","EDUPUBEXP","PRY_TRY","PC_GDP","A","2008",2.745929,
"SVK","EDUPUBEXP","PRY_TRY","PC_GDP","A","2009",3.128957,
"SVK","EDUPUBEXP","PRY_TRY","PC_GDP","A","2010",3.231461,
"SVK","EDUPUBEXP","PRY_TRY","PC_GDP","A","2011",3.108941,
"SVK","EDUPUBEXP","PRY_TRY","PC_GDP","A","2012",3.051401,
"SVK","EDUPUBEXP","PRY_TRY","PC_GDP","A","2013",3.208815,
"SVK","EDUPUBEXP","PRY_TRY","PC_GDP","A","2014",3.279335,
"SVK","EDUPUBEXP","PRY_TRY","PC_GDP","A","2015",3.752487,
"SVK","EDUPUBEXP","PRY_TRY","PC_GDP","A","2016",3.126153,
"SVK","EDUPUBEXP","PRY_TRY","PC_GDP","A","2017",3.123402,
"SVK","EDUPUBEXP","PRY_TRY","PC_GDP","A","2018",3.13494,
"ESP","EDUPUBEXP","PRY_TRY","PC_GDP","A","1995",3.996713,
"ESP","EDUPUBEXP","PRY_TRY","PC_GDP","A","2000",3.699922,
"ESP","EDUPUBEXP","PRY_TRY","PC_GDP","A","2005",3.510415,
"ESP","EDUPUBEXP","PRY_TRY","PC_GDP","A","2008",3.743516,
"ESP","EDUPUBEXP","PRY_TRY","PC_GDP","A","2009",4.04351,
"ESP","EDUPUBEXP","PRY_TRY","PC_GDP","A","2010",3.997414,
"ESP","EDUPUBEXP","PRY_TRY","PC_GDP","A","2011",3.904148,
"ESP","EDUPUBEXP","PRY_TRY","PC_GDP","A","2012",3.682777,
"ESP","EDUPUBEXP","PRY_TRY","PC_GDP","A","2013",3.576992,
"ESP","EDUPUBEXP","PRY_TRY","PC_GDP","A","2014",3.510534,
"ESP","EDUPUBEXP","PRY_TRY","PC_GDP","A","2015",3.514046,
"ESP","EDUPUBEXP","PRY_TRY","PC_GDP","A","2016",3.475087,
"ESP","EDUPUBEXP","PRY_TRY","PC_GDP","A","2017",3.460228,
"ESP","EDUPUBEXP","PRY_TRY","PC_GDP","A","2018",3.428308,
"SWE","EDUPUBEXP","PRY_TRY","PC_GDP","A","1995",5.185935,
"SWE","EDUPUBEXP","PRY_TRY","PC_GDP","A","2000",5.307059,
"SWE","EDUPUBEXP","PRY_TRY","PC_GDP","A","2005",5.266616,
"SWE","EDUPUBEXP","PRY_TRY","PC_GDP","A","2008",5.073516,
"SWE","EDUPUBEXP","PRY_TRY","PC_GDP","A","2009",5.343821,
"SWE","EDUPUBEXP","PRY_TRY","PC_GDP","A","2010",5.14703,
"SWE","EDUPUBEXP","PRY_TRY","PC_GDP","A","2011",5.009366,
"SWE","EDUPUBEXP","PRY_TRY","PC_GDP","A","2012",5.071515,
"SWE","EDUPUBEXP","PRY_TRY","PC_GDP","A","2013",5.086649,
"SWE","EDUPUBEXP","PRY_TRY","PC_GDP","A","2014",5.050639,
"SWE","EDUPUBEXP","PRY_TRY","PC_GDP","A","2015",4.946734,
"SWE","EDUPUBEXP","PRY_TRY","PC_GDP","A","2016",5.120571,
"SWE","EDUPUBEXP","PRY_TRY","PC_GDP","A","2017",5.180894,
"SWE","EDUPUBEXP","PRY_TRY","PC_GDP","A","2018",5.283234,
"CHE","EDUPUBEXP","PRY_TRY","PC_GDP","A","1995",3.65258,
"CHE","EDUPUBEXP","PRY_TRY","PC_GDP","A","2000",4.235507,
"CHE","EDUPUBEXP","PRY_TRY","PC_GDP","A","2005",4.608486,
"CHE","EDUPUBEXP","PRY_TRY","PC_GDP","A","2008",4.015774,
"CHE","EDUPUBEXP","PRY_TRY","PC_GDP","A","2009",4.311309,
"CHE","EDUPUBEXP","PRY_TRY","PC_GDP","A","2010",4.217787,
"CHE","EDUPUBEXP","PRY_TRY","PC_GDP","A","2011",4.265787,
"CHE","EDUPUBEXP","PRY_TRY","PC_GDP","A","2012",4.463624,
"CHE","EDUPUBEXP","PRY_TRY","PC_GDP","A","2013",4.487752,
"CHE","EDUPUBEXP","PRY_TRY","PC_GDP","A","2014",4.477357,
"CHE","EDUPUBEXP","PRY_TRY","PC_GDP","A","2015",4.361644,
"CHE","EDUPUBEXP","PRY_TRY","PC_GDP","A","2016",4.353744,
"CHE","EDUPUBEXP","PRY_TRY","PC_GDP","A","2017",4.366026,
"TUR","EDUPUBEXP","TRY","PC_GDP","A","2005",0.7333789,
"TUR","EDUPUBEXP","TRY","PC_GDP","A","2008",0.7348743,
"TUR","EDUPUBEXP","TRY","PC_GDP","A","2009",0.893208,
"TUR","EDUPUBEXP","TRY","PC_GDP","A","2010",0.8897247,
"TUR","EDUPUBEXP","TRY","PC_GDP","A","2011",1.362573,
"TUR","EDUPUBEXP","TRY","PC_GDP","A","2012",1.387778,
"TUR","EDUPUBEXP","TRY","PC_GDP","A","2013",1.342571,
"TUR","EDUPUBEXP","TRY","PC_GDP","A","2014",1.372749,
"TUR","EDUPUBEXP","TRY","PC_GDP","A","2015",1.311421,
"TUR","EDUPUBEXP","TRY","PC_GDP","A","2016",1.396739,
"TUR","EDUPUBEXP","TRY","PC_GDP","A","2017",1.333068,
"TUR","EDUPUBEXP","TRY","PC_GDP","A","2018",1.223541,
"TUR","EDUPUBEXP","PRY_NTRY","PC_GDP","A","2005",1.906138,
"TUR","EDUPUBEXP","PRY_NTRY","PC_GDP","A","2008",2.040376,
"TUR","EDUPUBEXP","PRY_NTRY","PC_GDP","A","2009",2.351217,
"TUR","EDUPUBEXP","PRY_NTRY","PC_GDP","A","2010",2.357364,
"TUR","EDUPUBEXP","PRY_NTRY","PC_GDP","A","2011",2.379362,
"TUR","EDUPUBEXP","PRY_NTRY","PC_GDP","A","2012",2.492106,
"TUR","EDUPUBEXP","PRY_NTRY","PC_GDP","A","2013",2.520679,
"TUR","EDUPUBEXP","PRY_NTRY","PC_GDP","A","2014",2.538275,
"TUR","EDUPUBEXP","PRY_NTRY","PC_GDP","A","2015",2.498679,
"TUR","EDUPUBEXP","PRY_NTRY","PC_GDP","A","2016",2.632946,
"TUR","EDUPUBEXP","PRY_NTRY","PC_GDP","A","2017",2.412841,
"TUR","EDUPUBEXP","PRY_NTRY","PC_GDP","A","2018",2.45236,
"TUR","EDUPUBEXP","PRY_TRY","PC_GDP","A","2005",2.639517,
"TUR","EDUPUBEXP","PRY_TRY","PC_GDP","A","2008",2.77525,
"TUR","EDUPUBEXP","PRY_TRY","PC_GDP","A","2009",3.244425,
"TUR","EDUPUBEXP","PRY_TRY","PC_GDP","A","2010",3.247089,
"TUR","EDUPUBEXP","PRY_TRY","PC_GDP","A","2011",3.741935,
"TUR","EDUPUBEXP","PRY_TRY","PC_GDP","A","2012",3.879883,
"TUR","EDUPUBEXP","PRY_TRY","PC_GDP","A","2013",3.86325,
"TUR","EDUPUBEXP","PRY_TRY","PC_GDP","A","2014",3.911024,
"TUR","EDUPUBEXP","PRY_TRY","PC_GDP","A","2015",3.810099,
"TUR","EDUPUBEXP","PRY_TRY","PC_GDP","A","2016",4.029684,
"TUR","EDUPUBEXP","PRY_TRY","PC_GDP","A","2017",3.74591,
"TUR","EDUPUBEXP","PRY_TRY","PC_GDP","A","2018",3.675901,
"GBR","EDUPUBEXP","PRY_TRY","PC_GDP","A","2012",4.666789,
"GBR","EDUPUBEXP","PRY_TRY","PC_GDP","A","2013",4.631247,
"GBR","EDUPUBEXP","PRY_TRY","PC_GDP","A","2014",4.67746,
"GBR","EDUPUBEXP","PRY_TRY","PC_GDP","A","2015",4.317827,
"GBR","EDUPUBEXP","PRY_TRY","PC_GDP","A","2016",4.211887,
"GBR","EDUPUBEXP","PRY_TRY","PC_GDP","A","2017",4.133715,
"GBR","EDUPUBEXP","PRY_TRY","PC_GDP","A","2018",3.918847,
"USA","EDUPUBEXP","PRY_TRY","PC_GDP","A","2000",4.32065,
"USA","EDUPUBEXP","PRY_TRY","PC_GDP","A","2005",4.492751,
"USA","EDUPUBEXP","PRY_TRY","PC_GDP","A","2008",4.652992,
"USA","EDUPUBEXP","PRY_TRY","PC_GDP","A","2009",4.740745,
"USA","EDUPUBEXP","PRY_TRY","PC_GDP","A","2010",4.671073,
"USA","EDUPUBEXP","PRY_TRY","PC_GDP","A","2011",4.518902,
"USA","EDUPUBEXP","PRY_TRY","PC_GDP","A","2012",4.343092,
"USA","EDUPUBEXP","PRY_TRY","PC_GDP","A","2013",4.161101,
"USA","EDUPUBEXP","PRY_TRY","PC_GDP","A","2014",4.098101,
"USA","EDUPUBEXP","PRY_TRY","PC_GDP","A","2015",4.088947,
"USA","EDUPUBEXP","PRY_TRY","PC_GDP","A","2016",4.107471,
"USA","EDUPUBEXP","PRY_TRY","PC_GDP","A","2017",4.145928,
"USA","EDUPUBEXP","PRY_TRY","PC_GDP","A","2018",4.109107,
"ARG","EDUPUBEXP","TRY","PC_GDP","A","2008",0.8510585,
"ARG","EDUPUBEXP","TRY","PC_GDP","A","2009",1.025924,
"ARG","EDUPUBEXP","TRY","PC_GDP","A","2010",0.9845704,
"ARG","EDUPUBEXP","TRY","PC_GDP","A","2011",1.016463,
"ARG","EDUPUBEXP","TRY","PC_GDP","A","2013",1.087721,
"ARG","EDUPUBEXP","TRY","PC_GDP","A","2014",1.075778,
"ARG","EDUPUBEXP","TRY","PC_GDP","A","2015",1.123242,
"ARG","EDUPUBEXP","TRY","PC_GDP","A","2016",1.070593,
"ARG","EDUPUBEXP","TRY","PC_GDP","A","2017",1.155192,
"ARG","EDUPUBEXP","PRY_NTRY","PC_GDP","A","2005",2.867749,
"ARG","EDUPUBEXP","PRY_NTRY","PC_GDP","A","2008",3.561938,
"ARG","EDUPUBEXP","PRY_NTRY","PC_GDP","A","2009",4.022185,
"ARG","EDUPUBEXP","PRY_NTRY","PC_GDP","A","2010",3.636445,
"ARG","EDUPUBEXP","PRY_NTRY","PC_GDP","A","2011",3.825775,
"ARG","EDUPUBEXP","PRY_NTRY","PC_GDP","A","2012",3.854837,
"ARG","EDUPUBEXP","PRY_NTRY","PC_GDP","A","2013",3.886624,
"ARG","EDUPUBEXP","PRY_NTRY","PC_GDP","A","2014",3.83298,
"ARG","EDUPUBEXP","PRY_NTRY","PC_GDP","A","2015",4.04863,
"ARG","EDUPUBEXP","PRY_NTRY","PC_GDP","A","2016",3.866413,
"ARG","EDUPUBEXP","PRY_NTRY","PC_GDP","A","2017",3.72618,
"ARG","EDUPUBEXP","PRY_TRY","PC_GDP","A","2008",4.412997,
"ARG","EDUPUBEXP","PRY_TRY","PC_GDP","A","2009",5.048109,
"ARG","EDUPUBEXP","PRY_TRY","PC_GDP","A","2010",4.621016,
"ARG","EDUPUBEXP","PRY_TRY","PC_GDP","A","2011",4.842237,
"ARG","EDUPUBEXP","PRY_TRY","PC_GDP","A","2013",4.974345,
"ARG","EDUPUBEXP","PRY_TRY","PC_GDP","A","2014",4.908759,
"ARG","EDUPUBEXP","PRY_TRY","PC_GDP","A","2015",5.171872,
"ARG","EDUPUBEXP","PRY_TRY","PC_GDP","A","2016",4.937007,
"ARG","EDUPUBEXP","PRY_TRY","PC_GDP","A","2017",4.881373,
"BRA","EDUPUBEXP","PRY_TRY","PC_GDP","A","1995",2.997085,
"BRA","EDUPUBEXP","PRY_TRY","PC_GDP","A","2000",3.073676,
"BRA","EDUPUBEXP","PRY_TRY","PC_GDP","A","2005",3.945087,
"BRA","EDUPUBEXP","PRY_TRY","PC_GDP","A","2008",4.717213,
"BRA","EDUPUBEXP","PRY_TRY","PC_GDP","A","2009",4.922047,
"BRA","EDUPUBEXP","PRY_TRY","PC_GDP","A","2010",4.87749,
"BRA","EDUPUBEXP","PRY_TRY","PC_GDP","A","2011",5.114666,
"BRA","EDUPUBEXP","PRY_TRY","PC_GDP","A","2012",4.966034,
"BRA","EDUPUBEXP","PRY_TRY","PC_GDP","A","2013",5.011388,
"BRA","EDUPUBEXP","PRY_TRY","PC_GDP","A","2014",4.845894,
"BRA","EDUPUBEXP","PRY_TRY","PC_GDP","A","2015",5.023868,
"BRA","EDUPUBEXP","PRY_TRY","PC_GDP","A","2016",5.109763,
"BRA","EDUPUBEXP","PRY_TRY","PC_GDP","A","2017",5.110239,
"BRA","EDUPUBEXP","PRY_TRY","PC_GDP","A","2018",4.953937,
"CHL","EDUPUBEXP","PRY_TRY","PC_GDP","A","1995",2.31736,
"CHL","EDUPUBEXP","PRY_TRY","PC_GDP","A","2000",3.288284,
"CHL","EDUPUBEXP","PRY_TRY","PC_GDP","A","2005",2.78466,
"CHL","EDUPUBEXP","PRY_TRY","PC_GDP","A","2008",3.071287,
"CHL","EDUPUBEXP","PRY_TRY","PC_GDP","A","2009",3.306967,
"CHL","EDUPUBEXP","PRY_TRY","PC_GDP","A","2010",3.190227,
"CHL","EDUPUBEXP","PRY_TRY","PC_GDP","A","2011",3.146951,
"CHL","EDUPUBEXP","PRY_TRY","PC_GDP","A","2012",3.522271,
"CHL","EDUPUBEXP","PRY_TRY","PC_GDP","A","2013",3.45607,
"CHL","EDUPUBEXP","PRY_TRY","PC_GDP","A","2014",3.328403,
"CHL","EDUPUBEXP","PRY_TRY","PC_GDP","A","2015",3.334266,
"CHL","EDUPUBEXP","PRY_TRY","PC_GDP","A","2016",3.822012,
"CHL","EDUPUBEXP","PRY_TRY","PC_GDP","A","2017",3.970405,
"CHL","EDUPUBEXP","PRY_TRY","PC_GDP","A","2018",3.977616,
"COL","EDUPUBEXP","TRY","PC_GDP","A","2000",0.7459652,
"COL","EDUPUBEXP","TRY","PC_GDP","A","2005",0.5554604,
"COL","EDUPUBEXP","TRY","PC_GDP","A","2008",0.8683394,
"COL","EDUPUBEXP","TRY","PC_GDP","A","2009",0.8235551,
"COL","EDUPUBEXP","TRY","PC_GDP","A","2010",0.8929423,
"COL","EDUPUBEXP","TRY","PC_GDP","A","2011",0.8070768,
"COL","EDUPUBEXP","TRY","PC_GDP","A","2012",0.8341647,
"COL","EDUPUBEXP","TRY","PC_GDP","A","2013",0.7666889,
"COL","EDUPUBEXP","TRY","PC_GDP","A","2014",0.8074533,
"COL","EDUPUBEXP","TRY","PC_GDP","A","2015",0.7858326,
"COL","EDUPUBEXP","TRY","PC_GDP","A","2016",0.7971759,
"COL","EDUPUBEXP","TRY","PC_GDP","A","2017",0.8028696,
"COL","EDUPUBEXP","TRY","PC_GDP","A","2018",0.7459509,
"COL","EDUPUBEXP","PRY_NTRY","PC_GDP","A","2005",4.020988,
"COL","EDUPUBEXP","PRY_NTRY","PC_GDP","A","2008",3.916961,
"COL","EDUPUBEXP","PRY_NTRY","PC_GDP","A","2009",3.506992,
"COL","EDUPUBEXP","PRY_NTRY","PC_GDP","A","2010",3.281409,
"COL","EDUPUBEXP","PRY_NTRY","PC_GDP","A","2011",3.111201,
"COL","EDUPUBEXP","PRY_NTRY","PC_GDP","A","2012",3.019483,
"COL","EDUPUBEXP","PRY_NTRY","PC_GDP","A","2013",3.291633,
"COL","EDUPUBEXP","PRY_NTRY","PC_GDP","A","2014",3.093038,
"COL","EDUPUBEXP","PRY_NTRY","PC_GDP","A","2015",3.123892,
"COL","EDUPUBEXP","PRY_NTRY","PC_GDP","A","2016",3.065175,
"COL","EDUPUBEXP","PRY_NTRY","PC_GDP","A","2017",3.152782,
"COL","EDUPUBEXP","PRY_NTRY","PC_GDP","A","2018",3.048998,
"COL","EDUPUBEXP","PRY_TRY","PC_GDP","A","2000",0.7459652,
"COL","EDUPUBEXP","PRY_TRY","PC_GDP","A","2005",4.576448,
"COL","EDUPUBEXP","PRY_TRY","PC_GDP","A","2008",4.785301,
"COL","EDUPUBEXP","PRY_TRY","PC_GDP","A","2009",4.330547,
"COL","EDUPUBEXP","PRY_TRY","PC_GDP","A","2010",4.174351,
"COL","EDUPUBEXP","PRY_TRY","PC_GDP","A","2011",3.918278,
"COL","EDUPUBEXP","PRY_TRY","PC_GDP","A","2012",3.853647,
"COL","EDUPUBEXP","PRY_TRY","PC_GDP","A","2013",4.058322,
"COL","EDUPUBEXP","PRY_TRY","PC_GDP","A","2014",3.900491,
"COL","EDUPUBEXP","PRY_TRY","PC_GDP","A","2015",3.909725,
"COL","EDUPUBEXP","PRY_TRY","PC_GDP","A","2016",3.862351,
"COL","EDUPUBEXP","PRY_TRY","PC_GDP","A","2017",3.955652,
"COL","EDUPUBEXP","PRY_TRY","PC_GDP","A","2018",3.794949,
"EST","EDUPUBEXP","PRY_TRY","PC_GDP","A","1995",4.982143,
"EST","EDUPUBEXP","PRY_TRY","PC_GDP","A","2000",4.871735,
"EST","EDUPUBEXP","PRY_TRY","PC_GDP","A","2005",4.147096,
"EST","EDUPUBEXP","PRY_TRY","PC_GDP","A","2008",4.643675,
"EST","EDUPUBEXP","PRY_TRY","PC_GDP","A","2009",5.176589,
"EST","EDUPUBEXP","PRY_TRY","PC_GDP","A","2010",4.75057,
"EST","EDUPUBEXP","PRY_TRY","PC_GDP","A","2011",4.340541,
"EST","EDUPUBEXP","PRY_TRY","PC_GDP","A","2012",4.050297,
"EST","EDUPUBEXP","PRY_TRY","PC_GDP","A","2013",4.311291,
"EST","EDUPUBEXP","PRY_TRY","PC_GDP","A","2014",3.945854,
"EST","EDUPUBEXP","PRY_TRY","PC_GDP","A","2015",3.92411,
"EST","EDUPUBEXP","PRY_TRY","PC_GDP","A","2016",3.899092,
"EST","EDUPUBEXP","PRY_TRY","PC_GDP","A","2017",3.8301,
"EST","EDUPUBEXP","PRY_TRY","PC_GDP","A","2018",4.091221,
"IND","EDUPUBEXP","PRY_TRY","PC_GDP","A","2000",4.032196,
"IND","EDUPUBEXP","PRY_TRY","PC_GDP","A","2005",2.796064,
"IND","EDUPUBEXP","PRY_TRY","PC_GDP","A","2009",2.836827,
"IND","EDUPUBEXP","PRY_TRY","PC_GDP","A","2010",2.810783,
"IND","EDUPUBEXP","PRY_TRY","PC_GDP","A","2011",3.263579,
"IND","EDUPUBEXP","PRY_TRY","PC_GDP","A","2012",3.340819,
"IND","EDUPUBEXP","PRY_TRY","PC_GDP","A","2013",3.320032,
"IDN","EDUPUBEXP","PRY_TRY","PC_GDP","A","2008",2.21427,
"IDN","EDUPUBEXP","PRY_TRY","PC_GDP","A","2009",2.771637,
"IDN","EDUPUBEXP","PRY_TRY","PC_GDP","A","2010",2.347934,
"IDN","EDUPUBEXP","PRY_TRY","PC_GDP","A","2012",2.85973,
"IDN","EDUPUBEXP","PRY_TRY","PC_GDP","A","2013",2.804244,
"IDN","EDUPUBEXP","PRY_TRY","PC_GDP","A","2014",2.769185,
"IDN","EDUPUBEXP","PRY_TRY","PC_GDP","A","2015",3.006306,
"ISR","EDUPUBEXP","PRY_TRY","PC_GDP","A","1995",5.378724,
"ISR","EDUPUBEXP","PRY_TRY","PC_GDP","A","2000",4.950845,
"ISR","EDUPUBEXP","PRY_TRY","PC_GDP","A","2005",4.370077,
"ISR","EDUPUBEXP","PRY_TRY","PC_GDP","A","2008",4.432997,
"ISR","EDUPUBEXP","PRY_TRY","PC_GDP","A","2009",4.399292,
"ISR","EDUPUBEXP","PRY_TRY","PC_GDP","A","2010",4.497778,
"ISR","EDUPUBEXP","PRY_TRY","PC_GDP","A","2011",4.556814,
"ISR","EDUPUBEXP","PRY_TRY","PC_GDP","A","2012",4.938889,
"ISR","EDUPUBEXP","PRY_TRY","PC_GDP","A","2013",4.885402,
"ISR","EDUPUBEXP","PRY_TRY","PC_GDP","A","2014",4.809762,
"ISR","EDUPUBEXP","PRY_TRY","PC_GDP","A","2015",4.868213,
"ISR","EDUPUBEXP","PRY_TRY","PC_GDP","A","2016",4.824429,
"ISR","EDUPUBEXP","PRY_TRY","PC_GDP","A","2017",5.02439,
"ISR","EDUPUBEXP","PRY_TRY","PC_GDP","A","2018",5.075396,
"LVA","EDUPUBEXP","TRY","PC_GDP","A","1995",0.6839067,
"LVA","EDUPUBEXP","TRY","PC_GDP","A","2000",0.6865254,
"LVA","EDUPUBEXP","TRY","PC_GDP","A","2005",0.7538914,
"LVA","EDUPUBEXP","TRY","PC_GDP","A","2008",0.8663918,
"LVA","EDUPUBEXP","TRY","PC_GDP","A","2009",0.6751545,
"LVA","EDUPUBEXP","TRY","PC_GDP","A","2010",0.707127,
"LVA","EDUPUBEXP","TRY","PC_GDP","A","2011",0.8646631,
"LVA","EDUPUBEXP","TRY","PC_GDP","A","2012",0.8138348,
"LVA","EDUPUBEXP","TRY","PC_GDP","A","2013",0.8444702,
"LVA","EDUPUBEXP","TRY","PC_GDP","A","2014",1.031085,
"LVA","EDUPUBEXP","TRY","PC_GDP","A","2015",1.083642,
"LVA","EDUPUBEXP","TRY","PC_GDP","A","2016",0.6740074,
"LVA","EDUPUBEXP","TRY","PC_GDP","A","2017",0.6276921,
"LVA","EDUPUBEXP","TRY","PC_GDP","A","2018",0.6884752,
"LVA","EDUPUBEXP","PRY_NTRY","PC_GDP","A","1995",0.9820199,
"LVA","EDUPUBEXP","PRY_NTRY","PC_GDP","A","2000",1.014232,
"LVA","EDUPUBEXP","PRY_NTRY","PC_GDP","A","2005",3.133557,
"LVA","EDUPUBEXP","PRY_NTRY","PC_GDP","A","2008",3.49375,
"LVA","EDUPUBEXP","PRY_NTRY","PC_GDP","A","2009",3.630342,
"LVA","EDUPUBEXP","PRY_NTRY","PC_GDP","A","2010",3.227054,
"LVA","EDUPUBEXP","PRY_NTRY","PC_GDP","A","2011",2.939934,
"LVA","EDUPUBEXP","PRY_NTRY","PC_GDP","A","2012",2.746145,
"LVA","EDUPUBEXP","PRY_NTRY","PC_GDP","A","2013",3.007284,
"LVA","EDUPUBEXP","PRY_NTRY","PC_GDP","A","2014",3.224052,
"LVA","EDUPUBEXP","PRY_NTRY","PC_GDP","A","2015",3.221869,
"LVA","EDUPUBEXP","PRY_NTRY","PC_GDP","A","2016",3.006978,
"LVA","EDUPUBEXP","PRY_NTRY","PC_GDP","A","2017",2.771457,
"LVA","EDUPUBEXP","PRY_NTRY","PC_GDP","A","2018",2.674351,
"LVA","EDUPUBEXP","PRY_TRY","PC_GDP","A","1995",1.665927,
"LVA","EDUPUBEXP","PRY_TRY","PC_GDP","A","2000",1.700758,
"LVA","EDUPUBEXP","PRY_TRY","PC_GDP","A","2005",3.887449,
"LVA","EDUPUBEXP","PRY_TRY","PC_GDP","A","2008",4.360141,
"LVA","EDUPUBEXP","PRY_TRY","PC_GDP","A","2009",4.305496,
"LVA","EDUPUBEXP","PRY_TRY","PC_GDP","A","2010",3.934181,
"LVA","EDUPUBEXP","PRY_TRY","PC_GDP","A","2011",3.804597,
"LVA","EDUPUBEXP","PRY_TRY","PC_GDP","A","2012",3.55998,
"LVA","EDUPUBEXP","PRY_TRY","PC_GDP","A","2013",3.851754,
"LVA","EDUPUBEXP","PRY_TRY","PC_GDP","A","2014",4.255136,
"LVA","EDUPUBEXP","PRY_TRY","PC_GDP","A","2015",4.305511,
"LVA","EDUPUBEXP","PRY_TRY","PC_GDP","A","2016",3.680986,
"LVA","EDUPUBEXP","PRY_TRY","PC_GDP","A","2017",3.39915,
"LVA","EDUPUBEXP","PRY_TRY","PC_GDP","A","2018",3.362826,
"RUS","EDUPUBEXP","PRY_TRY","PC_GDP","A","2008",2.751676,
"RUS","EDUPUBEXP","PRY_TRY","PC_GDP","A","2009",3.230313,
"RUS","EDUPUBEXP","PRY_TRY","PC_GDP","A","2010",2.82536,
"RUS","EDUPUBEXP","PRY_TRY","PC_GDP","A","2011",3.494052,
"RUS","EDUPUBEXP","PRY_TRY","PC_GDP","A","2012",2.819443,
"RUS","EDUPUBEXP","PRY_TRY","PC_GDP","A","2013",2.872725,
"RUS","EDUPUBEXP","PRY_TRY","PC_GDP","A","2014",2.760402,
"RUS","EDUPUBEXP","PRY_TRY","PC_GDP","A","2015",2.581245,
"RUS","EDUPUBEXP","PRY_TRY","PC_GDP","A","2016",2.608343,
"RUS","EDUPUBEXP","PRY_TRY","PC_GDP","A","2017",2.850507,
"RUS","EDUPUBEXP","PRY_TRY","PC_GDP","A","2018",2.928302,
"SVN","EDUPUBEXP","PRY_TRY","PC_GDP","A","2005",4.682711,
"SVN","EDUPUBEXP","PRY_TRY","PC_GDP","A","2008",4.226606,
"SVN","EDUPUBEXP","PRY_TRY","PC_GDP","A","2009",4.570082,
"SVN","EDUPUBEXP","PRY_TRY","PC_GDP","A","2010",4.510736,
"SVN","EDUPUBEXP","PRY_TRY","PC_GDP","A","2011",4.408238,
"SVN","EDUPUBEXP","PRY_TRY","PC_GDP","A","2012",4.349838,
"SVN","EDUPUBEXP","PRY_TRY","PC_GDP","A","2013",4.236657,
"SVN","EDUPUBEXP","PRY_TRY","PC_GDP","A","2014",4.065566,
"SVN","EDUPUBEXP","PRY_TRY","PC_GDP","A","2015",3.816146,
"SVN","EDUPUBEXP","PRY_TRY","PC_GDP","A","2016",3.751896,
"SVN","EDUPUBEXP","PRY_TRY","PC_GDP","A","2017",3.75063,
"SVN","EDUPUBEXP","PRY_TRY","PC_GDP","A","2018",3.727497,
"ZAF","EDUPUBEXP","PRY_TRY","PC_GDP","A","2017",4.662766,
"ZAF","EDUPUBEXP","PRY_TRY","PC_GDP","A","2018",4.796699,
"CRI","EDUPUBEXP","TRY","PC_GDP","A","2000",0.9071455,
"CRI","EDUPUBEXP","TRY","PC_GDP","A","2008",1.021452,
"CRI","EDUPUBEXP","TRY","PC_GDP","A","2009",1.14113,
"CRI","EDUPUBEXP","TRY","PC_GDP","A","2010",1.209256,
"CRI","EDUPUBEXP","TRY","PC_GDP","A","2011",1.252909,
"CRI","EDUPUBEXP","TRY","PC_GDP","A","2012",1.295936,
"CRI","EDUPUBEXP","TRY","PC_GDP","A","2013",1.371906,
"CRI","EDUPUBEXP","TRY","PC_GDP","A","2014",1.448181,
"CRI","EDUPUBEXP","TRY","PC_GDP","A","2015",1.52965,
"CRI","EDUPUBEXP","TRY","PC_GDP","A","2016",1.582457,
"CRI","EDUPUBEXP","TRY","PC_GDP","A","2018",1.55153,
"CRI","EDUPUBEXP","TRY","PC_GDP","A","2019",1.494835,
"CRI","EDUPUBEXP","PRY_NTRY","PC_GDP","A","2000",3.449718,
"CRI","EDUPUBEXP","PRY_NTRY","PC_GDP","A","2008",3.446523,
"CRI","EDUPUBEXP","PRY_NTRY","PC_GDP","A","2009",4.359462,
"CRI","EDUPUBEXP","PRY_NTRY","PC_GDP","A","2010",4.820263,
"CRI","EDUPUBEXP","PRY_NTRY","PC_GDP","A","2011",4.587046,
"CRI","EDUPUBEXP","PRY_NTRY","PC_GDP","A","2012",4.754159,
"CRI","EDUPUBEXP","PRY_NTRY","PC_GDP","A","2013",4.701076,
"CRI","EDUPUBEXP","PRY_NTRY","PC_GDP","A","2014",4.659144,
"CRI","EDUPUBEXP","PRY_NTRY","PC_GDP","A","2015",4.847132,
"CRI","EDUPUBEXP","PRY_NTRY","PC_GDP","A","2016",4.551488,
"CRI","EDUPUBEXP","PRY_NTRY","PC_GDP","A","2018",3.888097,
"CRI","EDUPUBEXP","PRY_NTRY","PC_GDP","A","2019",4.748634,
"CRI","EDUPUBEXP","PRY_TRY","PC_GDP","A","2000",4.356863,
"CRI","EDUPUBEXP","PRY_TRY","PC_GDP","A","2008",4.467975,
"CRI","EDUPUBEXP","PRY_TRY","PC_GDP","A","2009",5.500592,
"CRI","EDUPUBEXP","PRY_TRY","PC_GDP","A","2010",6.029519,
"CRI","EDUPUBEXP","PRY_TRY","PC_GDP","A","2011",5.839955,
"CRI","EDUPUBEXP","PRY_TRY","PC_GDP","A","2012",6.050095,
"CRI","EDUPUBEXP","PRY_TRY","PC_GDP","A","2013",6.072982,
"CRI","EDUPUBEXP","PRY_TRY","PC_GDP","A","2014",6.107325,
"CRI","EDUPUBEXP","PRY_TRY","PC_GDP","A","2015",6.376782,
"CRI","EDUPUBEXP","PRY_TRY","PC_GDP","A","2016",6.133945,
"CRI","EDUPUBEXP","PRY_TRY","PC_GDP","A","2018",5.439627,
"CRI","EDUPUBEXP","PRY_TRY","PC_GDP","A","2019",6.243469,
"LTU","EDUPUBEXP","TRY","PC_GDP","A","2000",0.9062683,
"LTU","EDUPUBEXP","TRY","PC_GDP","A","2005",0.8495646,
"LTU","EDUPUBEXP","TRY","PC_GDP","A","2008",0.8812107,
"LTU","EDUPUBEXP","TRY","PC_GDP","A","2009",0.9489454,
"LTU","EDUPUBEXP","TRY","PC_GDP","A","2010",1.083437,
"LTU","EDUPUBEXP","TRY","PC_GDP","A","2011",1.308388,
"LTU","EDUPUBEXP","TRY","PC_GDP","A","2012",1.26803,
"LTU","EDUPUBEXP","TRY","PC_GDP","A","2013",1.21906,
"LTU","EDUPUBEXP","TRY","PC_GDP","A","2014",1.23325,
"LTU","EDUPUBEXP","TRY","PC_GDP","A","2015",1.080092,
"LTU","EDUPUBEXP","TRY","PC_GDP","A","2016",0.7298689,
"LTU","EDUPUBEXP","TRY","PC_GDP","A","2017",0.6668796,
"LTU","EDUPUBEXP","TRY","PC_GDP","A","2018",0.7131971,
"LTU","EDUPUBEXP","PRY_NTRY","PC_GDP","A","2000",3.595114,
"LTU","EDUPUBEXP","PRY_NTRY","PC_GDP","A","2005",3.030378,
"LTU","EDUPUBEXP","PRY_NTRY","PC_GDP","A","2008",3.231387,
"LTU","EDUPUBEXP","PRY_NTRY","PC_GDP","A","2009",3.653911,
"LTU","EDUPUBEXP","PRY_NTRY","PC_GDP","A","2010",3.274297,
"LTU","EDUPUBEXP","PRY_NTRY","PC_GDP","A","2011",2.885708,
"LTU","EDUPUBEXP","PRY_NTRY","PC_GDP","A","2012",2.69228,
"LTU","EDUPUBEXP","PRY_NTRY","PC_GDP","A","2013",2.596064,
"LTU","EDUPUBEXP","PRY_NTRY","PC_GDP","A","2014",2.474578,
"LTU","EDUPUBEXP","PRY_NTRY","PC_GDP","A","2015",2.320374,
"LTU","EDUPUBEXP","PRY_NTRY","PC_GDP","A","2016",2.381531,
"LTU","EDUPUBEXP","PRY_NTRY","PC_GDP","A","2017",2.256156,
"LTU","EDUPUBEXP","PRY_NTRY","PC_GDP","A","2018",2.207049,
"LTU","EDUPUBEXP","PRY_TRY","PC_GDP","A","2000",4.501382,
"LTU","EDUPUBEXP","PRY_TRY","PC_GDP","A","2005",3.879943,
"LTU","EDUPUBEXP","PRY_TRY","PC_GDP","A","2008",4.112597,
"LTU","EDUPUBEXP","PRY_TRY","PC_GDP","A","2009",4.602856,
"LTU","EDUPUBEXP","PRY_TRY","PC_GDP","A","2010",4.357735,
"LTU","EDUPUBEXP","PRY_TRY","PC_GDP","A","2011",4.194096,
"LTU","EDUPUBEXP","PRY_TRY","PC_GDP","A","2012",3.960309,
"LTU","EDUPUBEXP","PRY_TRY","PC_GDP","A","2013",3.815124,
"LTU","EDUPUBEXP","PRY_TRY","PC_GDP","A","2014",3.707828,
"LTU","EDUPUBEXP","PRY_TRY","PC_GDP","A","2015",3.400467,
"LTU","EDUPUBEXP","PRY_TRY","PC_GDP","A","2016",3.111399,
"LTU","EDUPUBEXP","PRY_TRY","PC_GDP","A","2017",2.923035,
"LTU","EDUPUBEXP","PRY_TRY","PC_GDP","A","2018",2.920246,
"OAVG","EDUPUBEXP","TRY","PC_GDP","A","2000",0.9435586,
"OAVG","EDUPUBEXP","TRY","PC_GDP","A","2005",0.9585481,
"OAVG","EDUPUBEXP","TRY","PC_GDP","A","2008",0.9761828,
"OAVG","EDUPUBEXP","TRY","PC_GDP","A","2009",1.05536,
"OAVG","EDUPUBEXP","TRY","PC_GDP","A","2010",1.040266,
"OAVG","EDUPUBEXP","TRY","PC_GDP","A","2011",1.062001,
"OAVG","EDUPUBEXP","TRY","PC_GDP","A","2012",1.023385,
"OAVG","EDUPUBEXP","TRY","PC_GDP","A","2013",1.025149,
"OAVG","EDUPUBEXP","TRY","PC_GDP","A","2014",1.024422,
"OAVG","EDUPUBEXP","TRY","PC_GDP","A","2015",0.9895894,
"OAVG","EDUPUBEXP","TRY","PC_GDP","A","2016",0.9659275,
"OAVG","EDUPUBEXP","TRY","PC_GDP","A","2017",0.9295391,
"OAVG","EDUPUBEXP","TRY","PC_GDP","A","2018",0.9441,
"OAVG","EDUPUBEXP","PRY_NTRY","PC_GDP","A","2000",3.209833,
"OAVG","EDUPUBEXP","PRY_NTRY","PC_GDP","A","2005",3.322069,
"OAVG","EDUPUBEXP","PRY_NTRY","PC_GDP","A","2008",3.314462,
"OAVG","EDUPUBEXP","PRY_NTRY","PC_GDP","A","2009",3.560073,
"OAVG","EDUPUBEXP","PRY_NTRY","PC_GDP","A","2010",3.461232,
"OAVG","EDUPUBEXP","PRY_NTRY","PC_GDP","A","2011",3.306169,
"OAVG","EDUPUBEXP","PRY_NTRY","PC_GDP","A","2012",3.319402,
"OAVG","EDUPUBEXP","PRY_NTRY","PC_GDP","A","2013",3.304447,
"OAVG","EDUPUBEXP","PRY_NTRY","PC_GDP","A","2014",3.268101,
"OAVG","EDUPUBEXP","PRY_NTRY","PC_GDP","A","2015",3.166888,
"OAVG","EDUPUBEXP","PRY_NTRY","PC_GDP","A","2016",3.140053,
"OAVG","EDUPUBEXP","PRY_NTRY","PC_GDP","A","2017",3.091652,
"OAVG","EDUPUBEXP","PRY_NTRY","PC_GDP","A","2018",3.1337,
"OAVG","EDUPUBEXP","PRY_TRY","PC_GDP","A","2000",4.045324,
"OAVG","EDUPUBEXP","PRY_TRY","PC_GDP","A","2005",4.264835,
"OAVG","EDUPUBEXP","PRY_TRY","PC_GDP","A","2008",4.300937,
"OAVG","EDUPUBEXP","PRY_TRY","PC_GDP","A","2009",4.620444,
"OAVG","EDUPUBEXP","PRY_TRY","PC_GDP","A","2010",4.502687,
"OAVG","EDUPUBEXP","PRY_TRY","PC_GDP","A","2011",4.357178,
"OAVG","EDUPUBEXP","PRY_TRY","PC_GDP","A","2012",4.342787,
"OAVG","EDUPUBEXP","PRY_TRY","PC_GDP","A","2013",4.329596,
"OAVG","EDUPUBEXP","PRY_TRY","PC_GDP","A","2014",4.292523,
"OAVG","EDUPUBEXP","PRY_TRY","PC_GDP","A","2015",4.156478,
"OAVG","EDUPUBEXP","PRY_TRY","PC_GDP","A","2016",4.10598,
"OAVG","EDUPUBEXP","PRY_TRY","PC_GDP","A","2017",4.021191,
"OAVG","EDUPUBEXP","PRY_TRY","PC_GDP","A","2018",4.07002,
"G20","EDUPUBEXP","TRY","PC_GDP","A","2009",0.9154903,
"G20","EDUPUBEXP","TRY","PC_GDP","A","2010",0.8965972,
"G20","EDUPUBEXP","TRY","PC_GDP","A","2011",0.9458122,
"G20","EDUPUBEXP","TRY","PC_GDP","A","2012",0.8977501,
"G20","EDUPUBEXP","TRY","PC_GDP","A","2013",0.8755731,
"G20","EDUPUBEXP","PRY_NTRY","PC_GDP","A","2005",2.959567,
"G20","EDUPUBEXP","PRY_NTRY","PC_GDP","A","2009",3.116527,
"G20","EDUPUBEXP","PRY_NTRY","PC_GDP","A","2010",3.020397,
"G20","EDUPUBEXP","PRY_NTRY","PC_GDP","A","2011",3.152247,
"G20","EDUPUBEXP","PRY_NTRY","PC_GDP","A","2012",3.02951,
"G20","EDUPUBEXP","PRY_NTRY","PC_GDP","A","2013",3.050635,
"G20","EDUPUBEXP","PRY_TRY","PC_GDP","A","2010",3.913437,
"G20","EDUPUBEXP","PRY_TRY","PC_GDP","A","2011",4.082128,
"G20","EDUPUBEXP","PRY_TRY","PC_GDP","A","2012",3.889704,
"G20","EDUPUBEXP","PRY_TRY","PC_GDP","A","2013",3.945215,
